,NV
2007-01-04 00:00:00.005,1.0
2007-01-05 00:00:00.005,1.0
2007-01-08 00:00:00.005,1.0
2007-01-09 00:00:00.005,1.0
2007-01-10 00:00:00.005,1.0
2007-01-11 00:00:00.005,1.0
2007-01-12 00:00:00.005,1.0
2007-01-15 00:00:00.005,1.0
2007-01-16 00:00:00.005,1.0
2007-01-17 00:00:00.005,1.0
2007-01-18 00:00:00.005,1.0
2007-01-19 00:00:00.005,1.0
2007-01-22 00:00:00.005,1.0
2007-01-23 00:00:00.005,1.0
2007-01-24 00:00:00.005,1.0
2007-01-25 00:00:00.005,1.0
2007-01-26 00:00:00.005,1.0
2007-01-29 00:00:00.005,1.0
2007-01-30 00:00:00.005,1.0
2007-01-31 00:00:00.005,1.0
2007-02-01 00:00:00.005,1.0
2007-02-02 00:00:00.005,1.0
2007-02-05 00:00:00.005,1.0
2007-02-06 00:00:00.005,1.0
2007-02-07 00:00:00.005,1.0
2007-02-08 00:00:00.005,1.0
2007-02-09 00:00:00.005,1.0
2007-02-12 00:00:00.005,1.0
2007-02-13 00:00:00.005,1.0
2007-02-14 00:00:00.005,1.0
2007-02-15 00:00:00.005,1.02841260771
2007-02-16 00:00:00.005,0.997137752486
2007-02-26 00:00:00.005,1.01358279942
2007-02-27 00:00:00.005,0.985055351683
2007-02-28 00:00:00.005,0.96015013134
2007-03-01 00:00:00.005,0.970842511392
2007-03-02 00:00:00.005,0.934614423786
2007-03-05 00:00:00.005,0.878821674883
2007-03-06 00:00:00.005,0.896266349157
2007-03-07 00:00:00.005,0.903848395988
2007-03-08 00:00:00.005,0.918055386983
2007-03-09 00:00:00.005,0.925205540269
2007-03-12 00:00:00.005,0.943333391077
2007-03-13 00:00:00.005,0.946504453635
2007-03-14 00:00:00.005,0.931337877954
2007-03-15 00:00:00.005,0.940689486142
2007-03-16 00:00:00.005,0.970117616274
2007-03-19 00:00:00.005,0.988119867335
2007-03-20 00:00:00.005,1.01798333601
2007-03-21 00:00:00.005,1.01545157671
2007-03-22 00:00:00.005,1.0262654488
2007-03-23 00:00:00.005,1.02855898324
2007-03-26 00:00:00.005,1.07214715887
2007-03-27 00:00:00.005,1.06781581553
2007-03-28 00:00:00.005,1.07022729748
2007-03-29 00:00:00.005,1.0658517239
2007-03-30 00:00:00.005,1.07033951575
2007-04-02 00:00:00.005,1.08046572153
2007-04-03 00:00:00.005,1.06726463193
2007-04-04 00:00:00.005,1.11145402194
2007-04-05 00:00:00.005,1.10465835893
2007-04-06 00:00:00.005,
2007-04-09 00:00:00.005,
2007-04-10 00:00:00.005,1.15207138929
2007-04-11 00:00:00.005,1.1820894674
2007-04-12 00:00:00.005,1.20397291995
2007-04-13 00:00:00.005,1.17293240846
2007-04-16 00:00:00.005,1.24553247645
2007-04-17 00:00:00.005,1.22822907691
2007-04-18 00:00:00.005,1.27831808552
2007-04-19 00:00:00.005,1.2888557144
2007-04-20 00:00:00.005,1.30860847957
2007-04-23 00:00:00.005,1.38222902456
2007-04-24 00:00:00.005,1.3895519087
2007-04-25 00:00:00.005,1.35911080915
2007-04-26 00:00:00.005,1.37275833655
2007-04-27 00:00:00.005,1.3907865933
2007-04-30 00:00:00.005,1.40508361416
2007-05-08 00:00:00.005,1.46548425373
2007-05-09 00:00:00.005,1.46967345859
2007-05-10 00:00:00.005,1.52148064675
2007-05-11 00:00:00.005,1.54735614961
2007-05-14 00:00:00.005,1.56368176158
2007-05-15 00:00:00.005,1.54117591302
2007-05-16 00:00:00.005,1.66572737752
2007-05-17 00:00:00.005,1.61858532818
2007-05-18 00:00:00.005,1.59867110122
2007-05-21 00:00:00.005,1.6650368588
2007-05-22 00:00:00.005,1.72131069062
2007-05-23 00:00:00.005,1.75540220604
2007-05-24 00:00:00.005,
2007-05-25 00:00:00.005,1.81577058249
2007-05-28 00:00:00.005,1.91118798335
2007-05-29 00:00:00.005,1.90192663278
2007-05-30 00:00:00.005,1.73495338988
2007-05-31 00:00:00.005,1.89027658247
2007-06-01 00:00:00.005,1.90902821074
2007-06-04 00:00:00.005,1.80514247405
2007-06-05 00:00:00.005,1.80601042609
2007-06-06 00:00:00.005,1.91019217219
2007-06-07 00:00:00.005,1.89526310396
2007-06-08 00:00:00.005,1.93554965768
2007-06-11 00:00:00.005,2.06675817567
2007-06-12 00:00:00.005,2.02808660296
2007-06-13 00:00:00.005,2.0258978942
2007-06-14 00:00:00.005,2.08529423228
2007-06-15 00:00:00.005,2.06183316656
2007-06-18 00:00:00.005,2.10288633109
2007-06-19 00:00:00.005,2.08561118935
2007-06-20 00:00:00.005,2.16349883124
2007-06-21 00:00:00.005,2.23937656961
2007-06-22 00:00:00.005,2.19804918557
2007-06-25 00:00:00.005,2.16240668161
2007-06-26 00:00:00.005,2.21471173909
2007-06-27 00:00:00.005,2.13425597208
2007-06-28 00:00:00.005,2.18897650793
2007-06-29 00:00:00.005,2.21885257892
2007-07-02 00:00:00.005,
2007-07-03 00:00:00.005,2.16788370455
2007-07-04 00:00:00.005,2.2081751773
2007-07-05 00:00:00.005,2.27046115313
2007-07-06 00:00:00.005,2.28119773695
2007-07-09 00:00:00.005,2.31094630249
2007-07-10 00:00:00.005,2.26757396148
2007-07-11 00:00:00.005,2.24361630172
2007-07-12 00:00:00.005,2.26868288857
2007-07-13 00:00:00.005,2.23922043467
2007-07-16 00:00:00.005,2.3160947381
2007-07-17 00:00:00.005,2.36518118827
2007-07-18 00:00:00.005,2.39321428981
2007-07-19 00:00:00.005,2.44405840167
2007-07-20 00:00:00.005,2.50227827008
2007-07-23 00:00:00.005,2.61268904402
2007-07-24 00:00:00.005,2.67327379138
2007-07-25 00:00:00.005,2.8597955172
2007-07-26 00:00:00.005,2.81716053754
2007-07-27 00:00:00.005,2.6730686916
2007-07-30 00:00:00.005,2.68306899299
2007-07-31 00:00:00.005,2.71197795127
2007-08-01 00:00:00.005,2.67188598385
2007-08-02 00:00:00.005,2.64296209506
2007-08-03 00:00:00.005,2.70820031835
2007-08-06 00:00:00.005,2.56862057327
2007-08-07 00:00:00.005,2.41489305881
2007-08-08 00:00:00.005,2.52828945588
2007-08-09 00:00:00.005,2.49265815936
2007-08-10 00:00:00.005,2.49982484772
2007-08-13 00:00:00.005,2.45489049487
2007-08-14 00:00:00.005,2.49333821005
2007-08-15 00:00:00.005,2.44703858526
2007-08-16 00:00:00.005,2.28180821533
2007-08-17 00:00:00.005,2.21968272821
2007-08-20 00:00:00.005,2.29620593524
2007-08-21 00:00:00.005,2.35208402952
2007-08-22 00:00:00.005,2.38274779679
2007-08-23 00:00:00.005,2.43903014652
2007-08-24 00:00:00.005,2.49677879046
2007-08-27 00:00:00.005,2.60406111766
2007-08-28 00:00:00.005,2.6259312686
2007-08-29 00:00:00.005,2.56154025485
2007-08-30 00:00:00.005,2.69330713857
2007-08-31 00:00:00.005,2.7798475127
2007-09-03 00:00:00.005,2.8479017526
2007-09-04 00:00:00.005,2.78407145637
2007-09-05 00:00:00.005,2.73746107303
2007-09-06 00:00:00.005,2.82792474219
2007-09-07 00:00:00.005,2.84240196103
2007-09-10 00:00:00.005,2.88326291391
2007-09-11 00:00:00.005,2.94957746658
2007-09-12 00:00:00.005,2.99067427554
2007-09-13 00:00:00.005,2.96462577948
2007-09-14 00:00:00.005,3.03429669446
2007-09-17 00:00:00.005,2.92907125828
2007-09-18 00:00:00.005,2.98815597707
2007-09-19 00:00:00.005,3.05979779324
2007-09-20 00:00:00.005,3.05979414747
2007-09-21 00:00:00.005,3.1397598987
2007-09-24 00:00:00.005,3.13063793878
2007-09-25 00:00:00.005,3.11949245013
2007-09-26 00:00:00.005,3.13418325333
2007-09-27 00:00:00.005,3.25390032788
2007-09-28 00:00:00.005,3.26341091476
2007-10-08 00:00:00.005,3.24165550003
2007-10-09 00:00:00.005,3.26190955826
2007-10-10 00:00:00.005,3.3656735934
2007-10-11 00:00:00.005,3.5308022448
2007-10-12 00:00:00.005,3.50600817166
2007-10-15 00:00:00.005,3.46005463478
2007-10-16 00:00:00.005,3.49011861652
2007-10-17 00:00:00.005,3.47858108083
2007-10-18 00:00:00.005,3.51076268003
2007-10-19 00:00:00.005,3.80726569855
2007-10-22 00:00:00.005,3.74632904749
2007-10-23 00:00:00.005,3.88803574729
2007-10-24 00:00:00.005,3.92786014982
2007-10-25 00:00:00.005,3.89609209699
2007-10-26 00:00:00.005,3.90243209474
2007-10-29 00:00:00.005,4.04211010683
2007-10-30 00:00:00.005,3.89500086272
2007-10-31 00:00:00.005,4.12639595333
2007-11-01 00:00:00.005,4.13652395763
2007-11-02 00:00:00.005,4.15252303284
2007-11-05 00:00:00.005,4.11494866215
2007-11-06 00:00:00.005,4.07340045013
2007-11-07 00:00:00.005,4.14701784973
2007-11-08 00:00:00.005,4.09157037586
2007-11-09 00:00:00.005,4.08223492867
2007-11-12 00:00:00.005,3.96300171884
2007-11-13 00:00:00.005,3.96047233492
2007-11-14 00:00:00.005,4.04229324623
2007-11-15 00:00:00.005,4.02331603558
2007-11-16 00:00:00.005,3.97231144618
2007-11-19 00:00:00.005,3.99592156455
2007-11-20 00:00:00.005,3.97902030002
2007-11-21 00:00:00.005,3.91935261381
2007-11-22 00:00:00.005,3.8419683445
2007-11-23 00:00:00.005,3.76765766249
2007-11-26 00:00:00.005,3.84581577831
2007-11-27 00:00:00.005,3.83682758408
2007-11-28 00:00:00.005,3.7743668419
2007-11-29 00:00:00.005,3.87705432307
2007-11-30 00:00:00.005,3.97222279219
2007-12-03 00:00:00.005,3.85413829668
2007-12-04 00:00:00.005,3.93662365443
2007-12-05 00:00:00.005,3.94297534257
2007-12-06 00:00:00.005,4.06279980426
2007-12-07 00:00:00.005,4.03079036801
2007-12-10 00:00:00.005,3.96664174594
2007-12-11 00:00:00.005,3.99894981586
2007-12-12 00:00:00.005,3.93192510251
2007-12-13 00:00:00.005,3.91557601991
2007-12-14 00:00:00.005,3.80801142556
2007-12-17 00:00:00.005,3.67193665216
2007-12-18 00:00:00.005,3.62635464933
2007-12-19 00:00:00.005,3.66095813043
2007-12-20 00:00:00.005,3.69236326356
2007-12-21 00:00:00.005,3.72424572611
2007-12-24 00:00:00.005,3.75185275385
2007-12-25 00:00:00.005,3.75583231898
2007-12-26 00:00:00.005,3.72937088282
2007-12-27 00:00:00.005,3.80668461132
2007-12-28 00:00:00.005,3.81844573383
2008-01-02 00:00:00.005,3.84686327139
2008-01-03 00:00:00.005,3.76210843391
2008-01-04 00:00:00.005,3.90433809007
2008-01-07 00:00:00.005,3.83179252059
2008-01-08 00:00:00.005,3.82085876022
2008-01-09 00:00:00.005,3.83150338516
2008-01-10 00:00:00.005,3.83860513924
2008-01-11 00:00:00.005,3.8527490105
2008-01-14 00:00:00.005,3.83770162485
2008-01-15 00:00:00.005,3.73044311573
2008-01-16 00:00:00.005,3.54548941959
2008-01-17 00:00:00.005,3.5757522658
2008-01-18 00:00:00.005,3.50052011701
2008-01-21 00:00:00.005,3.5541571222
2008-01-22 00:00:00.005,3.19417545761
2008-01-23 00:00:00.005,3.38597031422
2008-01-24 00:00:00.005,3.26146225077
2008-01-25 00:00:00.005,3.35842740235
2008-01-28 00:00:00.005,3.29245041785
2008-01-29 00:00:00.005,3.4912662521
2008-01-30 00:00:00.005,3.40283252459
2008-01-31 00:00:00.005,3.27867939238
2008-02-01 00:00:00.005,3.33509344658
2008-02-04 00:00:00.005,3.42621211175
2008-02-05 00:00:00.005,3.42145395497
2008-02-13 00:00:00.005,3.17782696891
2008-02-14 00:00:00.005,3.35697559112
2008-02-15 00:00:00.005,3.32499534221
2008-02-18 00:00:00.005,3.34578040187
2008-02-19 00:00:00.005,3.44343431918
2008-02-20 00:00:00.005,3.37527202672
2008-02-21 00:00:00.005,3.36315842597
2008-02-22 00:00:00.005,3.33522200727
2008-02-25 00:00:00.005,3.27427063341
2008-02-26 00:00:00.005,3.33036488598
2008-02-27 00:00:00.005,3.39618128241
2008-02-28 00:00:00.005,3.38222505138
2008-02-29 00:00:00.005,3.48315728384
2008-03-03 00:00:00.005,3.46861743027
2008-03-04 00:00:00.005,3.4415182204
2008-03-05 00:00:00.005,3.45560061927
2008-03-06 00:00:00.005,3.45571788501
2008-03-07 00:00:00.005,4.83837529746
2008-03-10 00:00:00.005,4.63708526082
2008-03-11 00:00:00.005,4.58794534332
2008-03-12 00:00:00.005,4.60633789134
2008-03-13 00:00:00.005,4.61815077715
2008-03-14 00:00:00.005,4.58742074404
2008-03-17 00:00:00.005,4.33076721337
2008-03-18 00:00:00.005,4.28262141695
2008-03-19 00:00:00.005,4.29563230883
2008-03-20 00:00:00.005,4.16184315332
2008-03-21 00:00:00.005,3.68967383862
2008-03-24 00:00:00.005,3.99227915094
2008-03-25 00:00:00.005,4.05068387418
2008-03-26 00:00:00.005,3.91605225457
2008-03-27 00:00:00.005,4.28718966792
2008-03-28 00:00:00.005,4.3352760371
2008-03-31 00:00:00.005,4.40882549836
2008-04-01 00:00:00.005,4.42057585688
2008-04-02 00:00:00.005,4.36461157439
2008-04-03 00:00:00.005,4.57076825468
2008-04-07 00:00:00.005,4.35761844886
2008-04-08 00:00:00.005,4.46802894227
2008-04-09 00:00:00.005,4.56597702216
2008-04-10 00:00:00.005,4.40531233479
2008-04-11 00:00:00.005,4.51922820992
2008-04-14 00:00:00.005,4.43827161097
2008-04-15 00:00:00.005,4.3065323952
2008-04-16 00:00:00.005,4.3555218257
2008-04-17 00:00:00.005,4.45946727897
2008-04-18 00:00:00.005,4.3368675662
2008-04-21 00:00:00.005,4.32959961811
2008-04-22 00:00:00.005,4.34108390415
2008-04-23 00:00:00.005,4.45099014994
2008-04-24 00:00:00.005,4.43905227284
2008-04-25 00:00:00.005,4.49482672848
2008-04-28 00:00:00.005,4.61854227012
2008-04-29 00:00:00.005,4.50716396449
2008-04-30 00:00:00.005,4.55565893
2008-05-05 00:00:00.005,4.73712282272
2008-05-06 00:00:00.005,4.73510736793
2008-05-07 00:00:00.005,4.57097067143
2008-05-08 00:00:00.005,4.68270037644
2008-05-09 00:00:00.005,4.64776300278
2008-05-12 00:00:00.005,
2008-05-13 00:00:00.005,4.48879091253
2008-05-14 00:00:00.005,4.48100572525
2008-05-15 00:00:00.005,4.49113510221
2008-05-16 00:00:00.005,4.48176375467
2008-05-19 00:00:00.005,4.57022357595
2008-05-20 00:00:00.005,4.5120462471
2008-05-21 00:00:00.005,4.46534203518
2008-05-22 00:00:00.005,4.483855402
2008-05-23 00:00:00.005,4.72131019238
2008-05-26 00:00:00.005,4.61238089488
2008-05-27 00:00:00.005,4.66468663027
2008-05-28 00:00:00.005,4.69102739744
2008-05-29 00:00:00.005,4.72313699012
2008-05-30 00:00:00.005,4.692732091
2008-06-02 00:00:00.005,4.8233519482
2008-06-03 00:00:00.005,4.91973071236
2008-06-04 00:00:00.005,4.69971110544
2008-06-05 00:00:00.005,4.84243622266
2008-06-06 00:00:00.005,4.73619234513
2008-06-10 00:00:00.005,4.54489847652
2008-06-11 00:00:00.005,4.62217774652
2008-06-12 00:00:00.005,4.49319920317
2008-06-13 00:00:00.005,4.41804478657
2008-06-16 00:00:00.005,4.44362817671
2008-06-17 00:00:00.005,4.40201702896
2008-06-18 00:00:00.005,4.40273651186
2008-06-19 00:00:00.005,4.23680487524
2008-06-20 00:00:00.005,4.30656277212
2008-06-23 00:00:00.005,4.1518822956
2008-06-24 00:00:00.005,4.22921346522
2008-06-25 00:00:00.005,4.23959145707
2008-06-26 00:00:00.005,4.25794356417
2008-06-27 00:00:00.005,4.18969503579
2008-06-30 00:00:00.005,4.11245226293
2008-07-01 00:00:00.005,4.09454374781
2008-07-02 00:00:00.005,4.04186425725
2008-07-03 00:00:00.005,4.00749028937
2008-07-04 00:00:00.005,3.9917937065
2008-07-07 00:00:00.005,4.00536978958
2008-07-08 00:00:00.005,3.96433689028
2008-07-09 00:00:00.005,4.06168663953
2008-07-10 00:00:00.005,4.12187404738
2008-07-11 00:00:00.005,4.2083121137
2008-07-14 00:00:00.005,4.13859256933
2008-07-15 00:00:00.005,4.00965002384
2008-07-16 00:00:00.005,4.02128670357
2008-07-17 00:00:00.005,4.06718372046
2008-07-18 00:00:00.005,4.05760860151
2008-07-21 00:00:00.005,4.11528798422
2008-07-22 00:00:00.005,4.0978589987
2008-07-23 00:00:00.005,4.17821537567
2008-07-24 00:00:00.005,4.20127430347
2008-07-25 00:00:00.005,4.14512822173
2008-07-28 00:00:00.005,4.15062685337
2008-07-29 00:00:00.005,4.09343668439
2008-07-30 00:00:00.005,4.15237636388
2008-07-31 00:00:00.005,4.17621744688
2008-08-01 00:00:00.005,4.05741756332
2008-08-04 00:00:00.005,4.05425264093
2008-08-05 00:00:00.005,3.96403244623
2008-08-06 00:00:00.005,3.93586761267
2008-08-07 00:00:00.005,3.89838564069
2008-08-08 00:00:00.005,3.87564677541
2008-08-11 00:00:00.005,3.79859696959
2008-08-12 00:00:00.005,3.83110445527
2008-08-13 00:00:00.005,3.81704737687
2008-08-14 00:00:00.005,3.80721800609
2008-08-15 00:00:00.005,3.79613027571
2008-08-18 00:00:00.005,3.73009972469
2008-08-19 00:00:00.005,3.6929198091
2008-08-20 00:00:00.005,3.6997032659
2008-08-21 00:00:00.005,3.68585100431
2008-08-22 00:00:00.005,3.6427808808
2008-08-25 00:00:00.005,3.63169023422
2008-08-26 00:00:00.005,3.65290296949
2008-08-27 00:00:00.005,3.66415357216
2008-08-28 00:00:00.005,3.67029151065
2008-08-29 00:00:00.005,3.75553059956
2008-09-01 00:00:00.005,3.72408220437
2008-09-02 00:00:00.005,3.67506774658
2008-09-03 00:00:00.005,3.89333647421
2008-09-04 00:00:00.005,3.8650020583
2008-09-05 00:00:00.005,3.75395825665
2008-09-08 00:00:00.005,3.77749012589
2008-09-09 00:00:00.005,3.85008156499
2008-09-10 00:00:00.005,3.73949463279
2008-09-11 00:00:00.005,3.58301896032
2008-09-12 00:00:00.005,3.60663822093
2008-09-16 00:00:00.005,3.45113116901
2008-09-17 00:00:00.005,3.3806155178
2008-09-18 00:00:00.005,3.18757485471
2008-09-19 00:00:00.005,3.4313517484
2008-09-22 00:00:00.005,3.44635033285
2008-09-23 00:00:00.005,3.31062573665
2008-09-24 00:00:00.005,3.49086681909
2008-09-25 00:00:00.005,3.35746143808
2008-09-26 00:00:00.005,3.29312743784
2008-10-06 00:00:00.005,3.05909745421
2008-10-07 00:00:00.005,3.03748893872
2008-10-08 00:00:00.005,2.8287365299
2008-10-09 00:00:00.005,2.82816063312
2008-10-10 00:00:00.005,2.68278433234
2008-10-13 00:00:00.005,2.70995173069
2008-10-14 00:00:00.005,2.77162246628
2008-10-15 00:00:00.005,2.70738003766
2008-10-16 00:00:00.005,2.63705248937
2008-10-17 00:00:00.005,2.62184527753
2008-10-20 00:00:00.005,2.55504703313
2008-10-21 00:00:00.005,2.48728407952
2008-10-22 00:00:00.005,2.39081493975
2008-10-23 00:00:00.005,2.30178427913
2008-10-24 00:00:00.005,2.10063253466
2008-10-27 00:00:00.005,1.9043591953
2008-10-28 00:00:00.005,1.90879964153
2008-10-29 00:00:00.005,1.90607317612
2008-10-30 00:00:00.005,2.0113497477
2008-10-31 00:00:00.005,2.1024568169
2008-11-03 00:00:00.005,2.15515260009
2008-11-04 00:00:00.005,2.12705956708
2008-11-05 00:00:00.005,2.20335419422
2008-11-06 00:00:00.005,2.14546036391
2008-11-07 00:00:00.005,2.20414538589
2008-11-10 00:00:00.005,2.34995559095
2008-11-11 00:00:00.005,2.34341775596
2008-11-12 00:00:00.005,2.30945791611
2008-11-13 00:00:00.005,2.20624912683
2008-11-14 00:00:00.005,2.26291489822
2008-11-17 00:00:00.005,2.2269118899
2008-11-18 00:00:00.005,2.10688626593
2008-11-19 00:00:00.005,2.1158161474
2008-11-20 00:00:00.005,2.03012417819
2008-11-21 00:00:00.005,2.10409204669
2008-11-24 00:00:00.005,2.10710833191
2008-11-25 00:00:00.005,2.11774069739
2008-11-26 00:00:00.005,2.19872648064
2008-11-27 00:00:00.005,2.23258025602
2008-11-28 00:00:00.005,2.25040321685
2008-12-01 00:00:00.005,2.2727329129
2008-12-02 00:00:00.005,2.25193327193
2008-12-03 00:00:00.005,2.32937507848
2008-12-04 00:00:00.005,2.31152544604
2008-12-05 00:00:00.005,2.3581070371
2008-12-08 00:00:00.005,2.49487920416
2008-12-09 00:00:00.005,2.52115359911
2008-12-10 00:00:00.005,2.62810818625
2008-12-11 00:00:00.005,2.61432401139
2008-12-12 00:00:00.005,2.55776720158
2008-12-15 00:00:00.005,2.59629575002
2008-12-16 00:00:00.005,2.5837954454
2008-12-17 00:00:00.005,2.73569898733
2008-12-18 00:00:00.005,2.74872904504
2008-12-19 00:00:00.005,2.75119836517
2008-12-22 00:00:00.005,2.67662918008
2008-12-23 00:00:00.005,2.58468643968
2008-12-24 00:00:00.005,2.60064728426
2008-12-25 00:00:00.005,
2008-12-26 00:00:00.005,2.53522346294
2008-12-29 00:00:00.005,2.57269884767
2008-12-30 00:00:00.005,2.6146635725
2008-12-31 00:00:00.005,2.6392428926
2009-01-05 00:00:00.005,2.8663000232
2009-01-06 00:00:00.005,3.0019446484
2009-01-07 00:00:00.005,2.92386240983
2009-01-08 00:00:00.005,2.83292840076
2009-01-09 00:00:00.005,2.86007815961
2009-01-12 00:00:00.005,2.79732804285
2009-01-13 00:00:00.005,2.70726999441
2009-01-14 00:00:00.005,2.74776548262
2009-01-15 00:00:00.005,2.68723034137
2009-01-16 00:00:00.005,2.70662458146
2009-01-19 00:00:00.005,2.67593160715
2009-01-20 00:00:00.005,2.63820999598
2009-01-21 00:00:00.005,2.63806339175
2009-01-22 00:00:00.005,2.66351769193
2009-01-23 00:00:00.005,2.69495167716
2009-02-02 00:00:00.005,2.61663091237
2009-02-03 00:00:00.005,2.6695104049
2009-02-04 00:00:00.005,2.74085770756
2009-02-05 00:00:00.005,2.78060348412
2009-02-06 00:00:00.005,2.88215562203
2009-02-09 00:00:00.005,2.89736097855
2009-02-10 00:00:00.005,2.95198931467
2009-02-11 00:00:00.005,2.89067706563
2009-02-12 00:00:00.005,2.8585243167
2009-02-13 00:00:00.005,2.92510385509
2009-02-16 00:00:00.005,2.94320843721
2009-02-17 00:00:00.005,2.89639829685
2009-02-18 00:00:00.005,2.96554052744
2009-02-19 00:00:00.005,2.95049874145
2009-02-20 00:00:00.005,2.8718864869
2009-02-23 00:00:00.005,2.90170302549
2009-02-24 00:00:00.005,2.85257035722
2009-02-25 00:00:00.005,2.88483622265
2009-02-26 00:00:00.005,2.8486864512
2009-02-27 00:00:00.005,2.86682853091
2009-03-02 00:00:00.005,2.80221324858
2009-03-03 00:00:00.005,2.82739548848
2009-03-04 00:00:00.005,2.91064835468
2009-03-05 00:00:00.005,2.92179832141
2009-03-06 00:00:00.005,2.90572714867
2009-03-09 00:00:00.005,2.89317026816
2009-03-10 00:00:00.005,2.89545953242
2009-03-11 00:00:00.005,2.96277338458
2009-03-12 00:00:00.005,2.92737539134
2009-03-13 00:00:00.005,3.01985241621
2009-03-16 00:00:00.005,3.07984876857
2009-03-17 00:00:00.005,3.06831330938
2009-03-18 00:00:00.005,3.21189652242
2009-03-19 00:00:00.005,3.1921412595
2009-03-20 00:00:00.005,3.17056894209
2009-03-23 00:00:00.005,3.35287604346
2009-03-24 00:00:00.005,3.50054482992
2009-03-25 00:00:00.005,3.49852747009
2009-03-26 00:00:00.005,3.60260097791
2009-03-27 00:00:00.005,3.60800016233
2009-03-30 00:00:00.005,3.43484577643
2009-03-31 00:00:00.005,3.55425746618
2009-04-01 00:00:00.005,3.70859300471
2009-04-02 00:00:00.005,3.86877590123
2009-04-03 00:00:00.005,3.95758577434
2009-04-07 00:00:00.005,3.9557147065
2009-04-08 00:00:00.005,3.82873846597
2009-04-09 00:00:00.005,4.04424397285
2009-04-10 00:00:00.005,4.04334715997
2009-04-13 00:00:00.005,
2009-04-14 00:00:00.005,4.1955623995
2009-04-15 00:00:00.005,4.22184907883
2009-04-16 00:00:00.005,4.19996370587
2009-04-17 00:00:00.005,4.24958697311
2009-04-20 00:00:00.005,4.34062132945
2009-04-21 00:00:00.005,4.32789028588
2009-04-22 00:00:00.005,4.27937340729
2009-04-23 00:00:00.005,4.40077262175
2009-04-24 00:00:00.005,4.39124263719
2009-04-27 00:00:00.005,4.17960494796
2009-04-28 00:00:00.005,4.05994455728
2009-04-29 00:00:00.005,4.1831441911
2009-04-30 00:00:00.005,4.32009325098
2009-05-04 00:00:00.005,4.54692427959
2009-05-05 00:00:00.005,4.65828113931
2009-05-06 00:00:00.005,4.81277775906
2009-05-07 00:00:00.005,4.84971965395
2009-05-08 00:00:00.005,4.98795788523
2009-05-11 00:00:00.005,5.04922475351
2009-05-12 00:00:00.005,5.06459510908
2009-05-13 00:00:00.005,5.16635361905
2009-05-14 00:00:00.005,5.05288264372
2009-05-15 00:00:00.005,5.24673510764
2009-05-18 00:00:00.005,5.37800958866
2009-05-19 00:00:00.005,5.50869334082
2009-05-20 00:00:00.005,5.66941304079
2009-05-21 00:00:00.005,5.81756633375
2009-05-22 00:00:00.005,5.71090527752
2009-05-25 00:00:00.005,22.1332622122
2009-05-26 00:00:00.005,22.0887961863
2009-05-27 00:00:00.005,22.8722931623
2009-06-01 00:00:00.005,21.9709695183
2009-06-02 00:00:00.005,21.9103439199
2009-06-03 00:00:00.005,22.0084901212
2009-06-04 00:00:00.005,21.8285578711
2009-06-05 00:00:00.005,21.5877818566
2009-06-08 00:00:00.005,21.3323004927
2009-06-09 00:00:00.005,21.3361589066
2009-06-10 00:00:00.005,14.2935504151
2009-06-11 00:00:00.005,18.3699835997
2009-06-12 00:00:00.005,22.3595356906
2009-06-15 00:00:00.005,22.0643084237
2009-06-16 00:00:00.005,19.8720286803
2009-06-17 00:00:00.005,22.1384704486
2009-06-18 00:00:00.005,17.9769995677
2009-06-19 00:00:00.005,21.7544294614
2009-06-22 00:00:00.005,21.1475829568
2009-06-23 00:00:00.005,19.7357678534
2009-06-24 00:00:00.005,20.930758855
2009-06-25 00:00:00.005,21.8323623514
2009-06-26 00:00:00.005,22.578570441
2009-06-29 00:00:00.005,21.6921356119
2009-06-30 00:00:00.005,21.7253626958
2009-07-01 00:00:00.005,22.4451013417
2009-07-02 00:00:00.005,23.7100810125
2009-07-03 00:00:00.005,23.8270456282
2009-07-06 00:00:00.005,22.7717230927
2009-07-07 00:00:00.005,23.6812375404
2009-07-08 00:00:00.005,23.0788830695
2009-07-09 00:00:00.005,21.2574943464
2009-07-10 00:00:00.005,23.0452631936
2009-07-13 00:00:00.005,23.6724686242
2009-07-14 00:00:00.005,22.7364853732
2009-07-15 00:00:00.005,22.9044439944
2009-07-16 00:00:00.005,23.1867172706
2009-07-17 00:00:00.005,23.8028564976
2009-07-20 00:00:00.005,24.0262612775
2009-07-21 00:00:00.005,24.6440979738
2009-07-22 00:00:00.005,23.1819179902
2009-07-23 00:00:00.005,25.7101458133
2009-07-24 00:00:00.005,26.4511493831
2009-07-27 00:00:00.005,26.8626684143
2009-07-28 00:00:00.005,27.0734316918
2009-07-29 00:00:00.005,26.1742653509
2009-07-30 00:00:00.005,26.8965513545
2009-07-31 00:00:00.005,27.0455363242
2009-08-03 00:00:00.005,26.9072452442
2009-08-04 00:00:00.005,28.1243870179
2009-08-05 00:00:00.005,27.2061962502
2009-08-06 00:00:00.005,27.3042962782
2009-08-07 00:00:00.005,27.3575484483
2009-08-10 00:00:00.005,26.5505731553
2009-08-11 00:00:00.005,26.5313321391
2009-08-12 00:00:00.005,27.4053436198
2009-08-13 00:00:00.005,27.8513231552
2009-08-14 00:00:00.005,27.1565647058
2009-08-17 00:00:00.005,26.3542794884
2009-08-18 00:00:00.005,26.5432776054
2009-08-19 00:00:00.005,26.8554901208
2009-08-20 00:00:00.005,26.5724243373
2009-08-21 00:00:00.005,27.4145413143
2009-08-24 00:00:00.005,28.1593215997
2009-08-25 00:00:00.005,27.2240989287
2009-08-26 00:00:00.005,28.3610732569
2009-08-27 00:00:00.005,28.3872310861
2009-08-28 00:00:00.005,28.4754531571
2009-08-31 00:00:00.005,28.1166127219
2009-09-01 00:00:00.005,28.2185030815
2009-09-02 00:00:00.005,28.3149277699
2009-09-03 00:00:00.005,29.3594006577
2009-09-04 00:00:00.005,29.0183044966
2009-09-07 00:00:00.005,29.8602909284
2009-09-08 00:00:00.005,30.0353699668
2009-09-09 00:00:00.005,30.3214526671
2009-09-10 00:00:00.005,30.5255239293
2009-09-11 00:00:00.005,30.8190150931
2009-09-14 00:00:00.005,30.6465376955
2009-09-15 00:00:00.005,30.3255733223
2009-09-16 00:00:00.005,30.3638205276
2009-09-17 00:00:00.005,31.1761431442
2009-09-18 00:00:00.005,31.1718314606
2009-09-21 00:00:00.005,30.9885533422
2009-09-22 00:00:00.005,30.3457584271
2009-09-23 00:00:00.005,30.8546712263
2009-09-24 00:00:00.005,30.3602901548
2009-09-25 00:00:00.005,30.5504734121
2009-09-28 00:00:00.005,30.4815216123
2009-09-29 00:00:00.005,31.7702664409
2009-09-30 00:00:00.005,32.2818798083
2009-10-09 00:00:00.005,33.1751854325
2009-10-12 00:00:00.005,33.8707628323
2009-10-13 00:00:00.005,33.9168656874
2009-10-14 00:00:00.005,34.4255390914
2009-10-15 00:00:00.005,34.4502839749
2009-10-16 00:00:00.005,34.9259720575
2009-10-19 00:00:00.005,35.5755946146
2009-10-20 00:00:00.005,36.6960531057
2009-10-21 00:00:00.005,36.7697558129
2009-10-22 00:00:00.005,37.3227221634
2009-10-23 00:00:00.005,37.9730996241
2009-10-26 00:00:00.005,38.4975948215
2009-10-27 00:00:00.005,38.2372218523
2009-10-28 00:00:00.005,38.3115806937
2009-10-29 00:00:00.005,37.6681974871
2009-10-30 00:00:00.005,38.1954262865
2009-11-02 00:00:00.005,38.3781096023
2009-11-03 00:00:00.005,37.8400494523
2009-11-04 00:00:00.005,39.2707885665
2009-11-05 00:00:00.005,39.9952156418
2009-11-06 00:00:00.005,40.883541561
2009-11-09 00:00:00.005,40.9796704423
2009-11-10 00:00:00.005,41.2266501527
2009-11-11 00:00:00.005,41.7804398888
2009-11-12 00:00:00.005,43.0618752294
2009-11-13 00:00:00.005,42.5433348166
2009-11-16 00:00:00.005,43.3376114459
2009-11-17 00:00:00.005,43.0995254746
2009-11-18 00:00:00.005,42.3263277807
2009-11-19 00:00:00.005,43.4183866832
2009-11-20 00:00:00.005,43.7341502882
2009-11-23 00:00:00.005,46.2218032314
2009-11-24 00:00:00.005,46.993088157
2009-11-25 00:00:00.005,47.083353352
2009-11-26 00:00:00.005,47.2091178941
2009-11-27 00:00:00.005,45.472836325
2009-11-30 00:00:00.005,47.8021839169
2009-12-01 00:00:00.005,50.5138756695
2009-12-02 00:00:00.005,51.7693515593
2009-12-03 00:00:00.005,53.2649148765
2009-12-04 00:00:00.005,50.0991061014
2009-12-07 00:00:00.005,53.9027361202
2009-12-08 00:00:00.005,55.2454335835
2009-12-09 00:00:00.005,54.6153416382
2009-12-10 00:00:00.005,54.3506956178
2009-12-11 00:00:00.005,55.3399756397
2009-12-14 00:00:00.005,54.4169178474
2009-12-15 00:00:00.005,54.9480533737
2009-12-16 00:00:00.005,52.429514532
2009-12-17 00:00:00.005,53.5761558751
2009-12-18 00:00:00.005,53.472435908
2009-12-21 00:00:00.005,52.2910273272
2009-12-22 00:00:00.005,52.0699190078
2009-12-23 00:00:00.005,52.2959973844
2009-12-24 00:00:00.005,53.1218653117
2009-12-25 00:00:00.005,51.6029841159
2009-12-28 00:00:00.005,53.2441234689
2009-12-29 00:00:00.005,54.087789278
2009-12-30 00:00:00.005,54.5875259132
2009-12-31 00:00:00.005,56.4734538709
2010-01-04 00:00:00.005,56.8201167328
2010-01-05 00:00:00.005,56.5738712302
2010-01-06 00:00:00.005,59.2092831252
2010-01-07 00:00:00.005,58.2865103945
2010-01-08 00:00:00.005,58.0338970998
2010-01-11 00:00:00.005,59.2879030981
2010-01-12 00:00:00.005,60.4231067356
2010-01-13 00:00:00.005,58.5201208291
2010-01-14 00:00:00.005,61.3869734472
2010-01-15 00:00:00.005,61.9720872213
2010-01-18 00:00:00.005,62.3317406376
2010-01-19 00:00:00.005,61.5233596617
2010-01-20 00:00:00.005,61.9858430281
2010-01-21 00:00:00.005,60.3690185883
2010-01-22 00:00:00.005,60.2795316679
2010-01-25 00:00:00.005,60.4281281208
2010-01-26 00:00:00.005,58.9583399601
2010-01-27 00:00:00.005,57.7056011032
2010-01-28 00:00:00.005,58.6570901056
2010-01-29 00:00:00.005,57.3609456789
2010-02-01 00:00:00.005,57.481035432
2010-02-02 00:00:00.005,56.8301201878
2010-02-03 00:00:00.005,58.0777104448
2010-02-04 00:00:00.005,57.2057108295
2010-02-05 00:00:00.005,55.1348045549
2010-02-08 00:00:00.005,55.2623107058
2010-02-09 00:00:00.005,55.230540164
2010-02-10 00:00:00.005,56.1806970685
2010-02-11 00:00:00.005,56.7532682747
2010-02-12 00:00:00.005,57.9157247627
2010-02-22 00:00:00.005,57.4737585921
2010-02-23 00:00:00.005,59.2178221515
2010-02-24 00:00:00.005,59.5638006352
2010-02-25 00:00:00.005,59.9813296877
2010-02-26 00:00:00.005,60.6421147524
2010-03-01 00:00:00.005,62.1420010722
2010-03-02 00:00:00.005,61.8250386097
2010-03-03 00:00:00.005,63.1649715349
2010-03-04 00:00:00.005,62.7017477878
2010-03-05 00:00:00.005,64.23735285
2010-03-08 00:00:00.005,65.3288109563
2010-03-09 00:00:00.005,66.3758152081
2010-03-10 00:00:00.005,66.7509080358
2010-03-11 00:00:00.005,66.6155707217
2010-03-12 00:00:00.005,66.5667677464
2010-03-15 00:00:00.005,67.3160993683
2010-03-16 00:00:00.005,67.6326950835
2010-03-17 00:00:00.005,68.630927359
2010-03-18 00:00:00.005,68.1660770877
2010-03-19 00:00:00.005,70.0771238421
2010-03-22 00:00:00.005,69.4188257108
2010-03-23 00:00:00.005,69.3162955724
2010-03-24 00:00:00.005,69.9401111502
2010-03-25 00:00:00.005,69.7456173842
2010-03-26 00:00:00.005,70.794576447
2010-03-29 00:00:00.005,71.3847808762
2010-03-30 00:00:00.005,71.7609475106
2010-03-31 00:00:00.005,71.0693599294
2010-04-01 00:00:00.005,73.5033468747
2010-04-02 00:00:00.005,
2010-04-06 00:00:00.005,68.2652828894
2010-04-07 00:00:00.005,70.0385321602
2010-04-08 00:00:00.005,69.6896429454
2010-04-09 00:00:00.005,69.8935933194
2010-04-12 00:00:00.005,71.0193149822
2010-04-13 00:00:00.005,71.3278932704
2010-04-14 00:00:00.005,73.9356842799
2010-04-15 00:00:00.005,72.8601310493
2010-04-16 00:00:00.005,73.7461149566
2010-04-19 00:00:00.005,72.2215352749
2010-04-20 00:00:00.005,72.2974726849
2010-04-21 00:00:00.005,74.8100575321
2010-04-22 00:00:00.005,75.8595121334
2010-04-23 00:00:00.005,75.1149830161
2010-04-26 00:00:00.005,76.09401705
2010-04-27 00:00:00.005,75.4621302646
2010-04-28 00:00:00.005,74.649872943
2010-04-29 00:00:00.005,75.4158836505
2010-04-30 00:00:00.005,77.3001260709
2010-05-04 00:00:00.005,76.8190247166
2010-05-05 00:00:00.005,75.381614664
2010-05-06 00:00:00.005,72.5867552081
2010-05-07 00:00:00.005,71.0242713626
2010-05-10 00:00:00.005,76.7975249178
2010-05-11 00:00:00.005,75.8937946431
2010-05-12 00:00:00.005,73.9311453996
2010-05-13 00:00:00.005,76.3050898905
2010-05-14 00:00:00.005,76.6481397264
2010-05-17 00:00:00.005,74.6936133798
2010-05-18 00:00:00.005,73.3517247347
2010-05-19 00:00:00.005,73.18440283
2010-05-20 00:00:00.005,69.9895594412
2010-05-21 00:00:00.005,69.7956341564
2010-05-24 00:00:00.005,70.6997052436
2010-05-25 00:00:00.005,69.1907745792
2010-05-26 00:00:00.005,70.0870985484
2010-05-27 00:00:00.005,71.8762196883
2010-05-28 00:00:00.005,72.5495382936
2010-05-31 00:00:00.005,71.6751100096
2010-06-01 00:00:00.005,68.8294799192
2010-06-02 00:00:00.005,70.3452356169
2010-06-03 00:00:00.005,71.1993417611
2010-06-04 00:00:00.005,73.0856168688
2010-06-07 00:00:00.005,70.6607653289
2010-06-08 00:00:00.005,72.4992739396
2010-06-09 00:00:00.005,72.9117790139
2010-06-10 00:00:00.005,74.1004512129
2010-06-11 00:00:00.005,73.7573809068
2010-06-17 00:00:00.005,76.4234133184
2010-06-18 00:00:00.005,76.1194061148
2010-06-21 00:00:00.005,78.5099661801
2010-06-22 00:00:00.005,78.9249096286
2010-06-23 00:00:00.005,78.1729310778
2010-06-24 00:00:00.005,76.7451471121
2010-06-25 00:00:00.005,75.2135049851
2010-06-28 00:00:00.005,74.0836125418
2010-06-29 00:00:00.005,71.5146098887
2010-06-30 00:00:00.005,73.3074993069
2010-07-01 00:00:00.005,72.1902067153
2010-07-02 00:00:00.005,71.6683144436
2010-07-05 00:00:00.005,69.9627120926
2010-07-06 00:00:00.005,71.5723490591
2010-07-07 00:00:00.005,71.5637174187
2010-07-08 00:00:00.005,73.5048869436
2010-07-09 00:00:00.005,74.5520130714
2010-07-12 00:00:00.005,75.4849205315
2010-07-13 00:00:00.005,74.7862645854
2010-07-14 00:00:00.005,76.0471825167
2010-07-15 00:00:00.005,74.0046289291
2010-07-16 00:00:00.005,72.5149095174
2010-07-19 00:00:00.005,72.3639438405
2010-07-20 00:00:00.005,73.6286220068
2010-07-21 00:00:00.005,74.4667034222
2010-07-22 00:00:00.005,74.9631843928
2010-07-23 00:00:00.005,75.7512167157
2010-07-26 00:00:00.005,75.9896726578
2010-07-27 00:00:00.005,77.4628142201
2010-07-28 00:00:00.005,78.4844754846
2010-07-29 00:00:00.005,78.5668738239
2010-07-30 00:00:00.005,79.6745943785
2010-08-02 00:00:00.005,81.3364407429
2010-08-03 00:00:00.005,80.517065835
2010-08-04 00:00:00.005,80.417855571
2010-08-05 00:00:00.005,80.0015903892
2010-08-06 00:00:00.005,81.9831769719
2010-08-09 00:00:00.005,82.1039530742
2010-08-10 00:00:00.005,81.6818252386
2010-08-11 00:00:00.005,81.9307497905
2010-08-12 00:00:00.005,80.6520677525
2010-08-13 00:00:00.005,82.0562031203
2010-08-16 00:00:00.005,82.4909124582
2010-08-17 00:00:00.005,82.7806725488
2010-08-18 00:00:00.005,83.7272282339
2010-08-19 00:00:00.005,84.3003856656
2010-08-20 00:00:00.005,83.3785330683
2010-08-23 00:00:00.005,83.7299834291
2010-08-24 00:00:00.005,83.6701199903
2010-08-25 00:00:00.005,82.5804037805
2010-08-26 00:00:00.005,82.7339062426
2010-08-27 00:00:00.005,80.528482775
2010-08-30 00:00:00.005,82.1343341162
2010-08-31 00:00:00.005,82.6560705513
2010-09-01 00:00:00.005,83.6792794653
2010-09-02 00:00:00.005,85.1062225699
2010-09-03 00:00:00.005,85.4418451489
2010-09-06 00:00:00.005,85.6335106958
2010-09-07 00:00:00.005,85.9409982368
2010-09-08 00:00:00.005,86.3631628817
2010-09-09 00:00:00.005,87.4869213402
2010-09-10 00:00:00.005,88.9599147145
2010-09-13 00:00:00.005,88.3571730405
2010-09-14 00:00:00.005,87.7583989259
2010-09-15 00:00:00.005,86.3021053179
2010-09-16 00:00:00.005,84.3058230086
2010-09-17 00:00:00.005,86.3845570663
2010-09-20 00:00:00.005,86.4553367393
2010-09-21 00:00:00.005,87.9963035811
2010-09-27 00:00:00.005,90.0837968691
2010-09-28 00:00:00.005,87.5505826386
2010-09-29 00:00:00.005,87.8478472564
2010-09-30 00:00:00.005,89.6752300936
2010-10-08 00:00:00.005,91.8729255384
2010-10-11 00:00:00.005,91.7643625542
2010-10-12 00:00:00.005,91.1873594604
2010-10-13 00:00:00.005,93.5804921089
2010-10-14 00:00:00.005,95.0859431509
2010-10-15 00:00:00.005,95.7717877878
2010-10-18 00:00:00.005,94.5972170694
2010-10-19 00:00:00.005,96.5559011242
2010-10-20 00:00:00.005,96.5450327083
2010-10-21 00:00:00.005,96.9294367042
2010-10-22 00:00:00.005,97.7037763436
2010-10-25 00:00:00.005,98.3795311137
2010-10-26 00:00:00.005,97.5036307142
2010-10-27 00:00:00.005,96.2339264709
2010-10-28 00:00:00.005,96.1321005692
2010-10-29 00:00:00.005,97.7518532794
2010-11-01 00:00:00.005,99.1573269459
2010-11-02 00:00:00.005,99.5615422856
2010-11-03 00:00:00.005,100.843350586
2010-11-04 00:00:00.005,101.476619362
2010-11-05 00:00:00.005,102.061119945
2010-11-08 00:00:00.005,103.645299463
2010-11-09 00:00:00.005,106.163833219
2010-11-10 00:00:00.005,109.27668527
2010-11-11 00:00:00.005,110.062699559
2010-11-12 00:00:00.005,107.965953438
2010-11-15 00:00:00.005,109.634818158
2010-11-16 00:00:00.005,105.306359442
2010-11-17 00:00:00.005,103.567253399
2010-11-18 00:00:00.005,105.664538541
2010-11-19 00:00:00.005,106.309728115
2010-11-22 00:00:00.005,107.223958511
2010-11-23 00:00:00.005,103.730749655
2010-11-24 00:00:00.005,105.5936628
2010-11-25 00:00:00.005,106.727608559
2010-11-26 00:00:00.005,105.805731577
2010-11-29 00:00:00.005,107.595027202
2010-11-30 00:00:00.005,107.189875142
2010-12-01 00:00:00.005,108.931131932
2010-12-02 00:00:00.005,108.931567505
2010-12-03 00:00:00.005,111.578926963
2010-12-06 00:00:00.005,111.310831907
2010-12-07 00:00:00.005,111.249804945
2010-12-08 00:00:00.005,110.702409124
2010-12-09 00:00:00.005,110.965050996
2010-12-10 00:00:00.005,111.024785729
2010-12-13 00:00:00.005,110.894167549
2010-12-14 00:00:00.005,111.244773546
2010-12-15 00:00:00.005,109.80739201
2010-12-16 00:00:00.005,107.872999735
2010-12-17 00:00:00.005,109.51084776
2010-12-20 00:00:00.005,109.656703506
2010-12-21 00:00:00.005,109.980275995
2010-12-22 00:00:00.005,109.123453702
2010-12-23 00:00:00.005,108.749999531
2010-12-24 00:00:00.005,110.532027733
2010-12-27 00:00:00.005,111.011886017
2010-12-28 00:00:00.005,116.030637302
2010-12-29 00:00:00.005,116.906127648
2010-12-30 00:00:00.005,116.477597288
2010-12-31 00:00:00.005,117.416226225
2011-01-04 00:00:00.005,122.310198424
2011-01-05 00:00:00.005,120.295866918
2011-01-06 00:00:00.005,121.619975522
2011-01-07 00:00:00.005,121.912326924
2011-01-10 00:00:00.005,116.149636021
2011-01-11 00:00:00.005,121.490429172
2011-01-12 00:00:00.005,121.630285214
2011-01-13 00:00:00.005,121.264434473
2011-01-14 00:00:00.005,120.608697014
2011-01-17 00:00:00.005,119.341377344
2011-01-18 00:00:00.005,119.274350455
2011-01-19 00:00:00.005,120.253855105
2011-01-20 00:00:00.005,121.609130522
2011-01-21 00:00:00.005,123.501689471
2011-01-24 00:00:00.005,119.86014852
2011-01-25 00:00:00.005,121.887732317
2011-01-26 00:00:00.005,120.119281701
2011-01-27 00:00:00.005,120.517806936
2011-01-28 00:00:00.005,120.366697072
2011-01-31 00:00:00.005,119.444002059
2011-02-01 00:00:00.005,119.485300392
2011-02-09 00:00:00.005,118.804545393
2011-02-10 00:00:00.005,116.834489211
2011-02-11 00:00:00.005,114.96624212
2011-02-14 00:00:00.005,116.153483746
2011-02-15 00:00:00.005,117.087326501
2011-02-16 00:00:00.005,117.281799479
2011-02-17 00:00:00.005,117.640399434
2011-02-18 00:00:00.005,115.967715556
2011-02-21 00:00:00.005,118.335224529
2011-02-22 00:00:00.005,114.747732675
2011-02-23 00:00:00.005,115.600520681
2011-02-24 00:00:00.005,112.576151185
2011-02-25 00:00:00.005,112.47973079
2011-02-28 00:00:00.005,114.662085298
2011-03-01 00:00:00.005,115.38334479
2011-03-02 00:00:00.005,115.2368614
2011-03-03 00:00:00.005,115.757039426
2011-03-04 00:00:00.005,117.383693742
2011-03-07 00:00:00.005,119.772674936
2011-03-08 00:00:00.005,119.624817216
2011-03-09 00:00:00.005,118.904821088
2011-03-10 00:00:00.005,118.747100385
2011-03-11 00:00:00.005,118.286327346
2011-03-14 00:00:00.005,116.28175067
2011-03-15 00:00:00.005,112.658704403
2011-03-16 00:00:00.005,116.100508942
2011-03-17 00:00:00.005,113.073507365
2011-03-18 00:00:00.005,115.990977892
2011-03-21 00:00:00.005,117.264771539
2011-03-22 00:00:00.005,120.282665119
2011-03-23 00:00:00.005,118.727068899
2011-03-24 00:00:00.005,120.490081781
2011-03-25 00:00:00.005,121.151237351
2011-03-28 00:00:00.005,119.029461834
2011-03-29 00:00:00.005,121.105416111
2011-03-30 00:00:00.005,120.34458623
2011-03-31 00:00:00.005,122.635378362
2011-04-01 00:00:00.005,123.82766212
2011-04-06 00:00:00.005,124.9751347
2011-04-07 00:00:00.005,124.043589381
2011-04-08 00:00:00.005,127.300624014
2011-04-11 00:00:00.005,127.202058033
2011-04-12 00:00:00.005,124.203362924
2011-04-13 00:00:00.005,125.414637417
2011-04-14 00:00:00.005,123.519632264
2011-04-15 00:00:00.005,127.378227896
2011-04-18 00:00:00.005,124.293145316
2011-04-19 00:00:00.005,123.738817825
2011-04-20 00:00:00.005,125.449989156
2011-04-21 00:00:00.005,124.567518368
2011-04-22 00:00:00.005,125.5145344
2011-04-25 00:00:00.005,126.198929637
2011-04-26 00:00:00.005,125.362164288
2011-04-27 00:00:00.005,125.154127377
2011-04-28 00:00:00.005,124.932674251
2011-04-29 00:00:00.005,125.498928117
2011-05-03 00:00:00.005,121.83392383
2011-05-04 00:00:00.005,122.437611188
2011-05-05 00:00:00.005,123.769563659
2011-05-06 00:00:00.005,123.916543696
2011-05-09 00:00:00.005,124.85227845
2011-05-10 00:00:00.005,124.856394444
2011-05-11 00:00:00.005,126.957455144
2011-05-12 00:00:00.005,126.551210093
2011-05-13 00:00:00.005,128.287605406
2011-05-16 00:00:00.005,127.671939912
2011-05-17 00:00:00.005,125.086822829
2011-05-18 00:00:00.005,128.837562919
2011-05-19 00:00:00.005,128.246688937
2011-05-20 00:00:00.005,126.477836989
2011-05-23 00:00:00.005,123.800693917
2011-05-24 00:00:00.005,123.999233558
2011-05-25 00:00:00.005,122.773188752
2011-05-26 00:00:00.005,123.430256204
2011-05-27 00:00:00.005,123.795893029
2011-05-30 00:00:00.005,124.552113709
2011-05-31 00:00:00.005,126.824916907
2011-06-01 00:00:00.005,126.448433772
2011-06-02 00:00:00.005,125.724516558
2011-06-03 00:00:00.005,126.600262495
2011-06-07 00:00:00.005,126.010839939
2011-06-08 00:00:00.005,123.467340035
2011-06-09 00:00:00.005,123.099499984
2011-06-10 00:00:00.005,122.605333139
2011-06-13 00:00:00.005,121.808877003
2011-06-14 00:00:00.005,122.977009795
2011-06-15 00:00:00.005,123.700532023
2011-06-16 00:00:00.005,121.739292286
2011-06-17 00:00:00.005,122.550629456
2011-06-20 00:00:00.005,119.155833618
2011-06-21 00:00:00.005,120.558453012
2011-06-22 00:00:00.005,120.821991472
2011-06-23 00:00:00.005,120.245273395
2011-06-24 00:00:00.005,123.185442969
2011-06-27 00:00:00.005,122.800782712
2011-06-28 00:00:00.005,125.212341043
2011-06-29 00:00:00.005,124.903358206
2011-06-30 00:00:00.005,126.240359294
2011-07-01 00:00:00.005,126.6706409
2011-07-04 00:00:00.005,127.847076366
2011-07-05 00:00:00.005,129.361703135
2011-07-06 00:00:00.005,128.851942935
2011-07-07 00:00:00.005,126.157755507
2011-07-08 00:00:00.005,123.962503513
2011-07-11 00:00:00.005,123.148822319
2011-07-12 00:00:00.005,120.174003239
2011-07-13 00:00:00.005,122.264249597
2011-07-14 00:00:00.005,122.773903432
2011-07-15 00:00:00.005,121.293890848
2011-07-18 00:00:00.005,119.382402354
2011-07-19 00:00:00.005,119.049727927
2011-07-20 00:00:00.005,119.678022159
2011-07-21 00:00:00.005,119.91677632
2011-07-22 00:00:00.005,121.76423222
2011-07-25 00:00:00.005,121.640014259
2011-07-26 00:00:00.005,122.749151046
2011-07-27 00:00:00.005,122.965467652
2011-07-28 00:00:00.005,122.11563885
2011-07-29 00:00:00.005,122.152762447
2011-08-01 00:00:00.005,121.78529147
2011-08-02 00:00:00.005,119.341540096
2011-08-03 00:00:00.005,118.279428407
2011-08-04 00:00:00.005,116.961541487
2011-08-05 00:00:00.005,112.066330034
2011-08-08 00:00:00.005,108.827247094
2011-08-09 00:00:00.005,106.188468435
2011-08-10 00:00:00.005,106.898042353
2011-08-11 00:00:00.005,107.476627822
2011-08-12 00:00:00.005,108.932068163
2011-08-15 00:00:00.005,110.77921678
2011-08-16 00:00:00.005,112.142577017
2011-08-17 00:00:00.005,111.472032201
2011-08-18 00:00:00.005,112.185575751
2011-08-19 00:00:00.005,109.304466069
2011-08-22 00:00:00.005,106.019797623
2011-08-23 00:00:00.005,107.47622033
2011-08-24 00:00:00.005,106.820163247
2011-08-25 00:00:00.005,108.019522731
2011-08-26 00:00:00.005,109.603335572
2011-08-29 00:00:00.005,109.493091355
2011-08-30 00:00:00.005,110.428375409
2011-08-31 00:00:00.005,111.099051632
2011-09-01 00:00:00.005,112.975766436
2011-09-02 00:00:00.005,112.55191126
2011-09-05 00:00:00.005,110.628887754
2011-09-06 00:00:00.005,110.808289307
2011-09-07 00:00:00.005,113.797348782
2011-09-08 00:00:00.005,113.636833386
2011-09-09 00:00:00.005,112.323282547
2011-09-13 00:00:00.005,107.570694041
2011-09-14 00:00:00.005,105.542305628
2011-09-15 00:00:00.005,106.616788146
2011-09-16 00:00:00.005,107.323887672
2011-09-19 00:00:00.005,107.556010165
2011-09-20 00:00:00.005,105.803022442
2011-09-21 00:00:00.005,104.833767492
2011-09-22 00:00:00.005,100.085647345
2011-09-23 00:00:00.005,97.9219727168
2011-09-26 00:00:00.005,96.3306238322
2011-09-27 00:00:00.005,98.5370290304
2011-09-28 00:00:00.005,97.3756461327
2011-09-29 00:00:00.005,98.8649071899
2011-09-30 00:00:00.005,96.9315849142
2011-10-10 00:00:00.005,95.2544028165
2011-10-11 00:00:00.005,96.8724427348
2011-10-12 00:00:00.005,98.6273645058
2011-10-13 00:00:00.005,100.924245307
2011-10-14 00:00:00.005,98.7908032671
2011-10-17 00:00:00.005,102.095243407
2011-10-18 00:00:00.005,94.7984710164
2011-10-19 00:00:00.005,93.8568871075
2011-10-20 00:00:00.005,90.9313023144
2011-10-21 00:00:00.005,93.2105457199
2011-10-24 00:00:00.005,95.5731608151
2011-10-25 00:00:00.005,96.5514125502
2011-10-26 00:00:00.005,97.779445891
2011-10-27 00:00:00.005,102.388034348
2011-10-28 00:00:00.005,101.898120938
2011-10-31 00:00:00.005,103.046521027
2011-11-01 00:00:00.005,100.945697534
2011-11-02 00:00:00.005,101.444986601
2011-11-03 00:00:00.005,100.613447213
2011-11-04 00:00:00.005,102.213430275
2011-11-07 00:00:00.005,101.738184763
2011-11-08 00:00:00.005,101.27756472
2011-11-09 00:00:00.005,102.045930038
2011-11-10 00:00:00.005,97.0451143242
2011-11-11 00:00:00.005,99.2409525962
2011-11-14 00:00:00.005,99.7534734114
2011-11-15 00:00:00.005,99.851046183
2011-11-16 00:00:00.005,98.7925342103
2011-11-17 00:00:00.005,99.5153030756
2011-11-18 00:00:00.005,99.8164004602
2011-11-21 00:00:00.005,98.5123125558
2011-11-22 00:00:00.005,98.1080109448
2011-11-23 00:00:00.005,97.0646850504
2011-11-24 00:00:00.005,97.191226422
2011-11-25 00:00:00.005,97.027586281
2011-11-28 00:00:00.005,98.8405209549
2011-11-29 00:00:00.005,101.402076582
2011-11-30 00:00:00.005,99.7490944405
2011-12-01 00:00:00.005,102.429378418
2011-12-02 00:00:00.005,103.20930132
2011-12-05 00:00:00.005,103.598424471
2011-12-06 00:00:00.005,102.237728957
2011-12-07 00:00:00.005,102.331857341
2011-12-08 00:00:00.005,100.477898145
2011-12-09 00:00:00.005,98.0473448899
2011-12-12 00:00:00.005,96.9918179383
2011-12-13 00:00:00.005,96.7620812558
2011-12-14 00:00:00.005,96.1481378609
2011-12-15 00:00:00.005,95.8201246655
2011-12-16 00:00:00.005,96.8333287101
2011-12-19 00:00:00.005,96.8393912971
2011-12-20 00:00:00.005,97.636835228
2011-12-21 00:00:00.005,95.8673176154
2011-12-22 00:00:00.005,96.5755888365
2011-12-23 00:00:00.005,96.812989652
2011-12-26 00:00:00.005,94.9393842291
2011-12-27 00:00:00.005,92.5403165555
2011-12-28 00:00:00.005,92.5100376283
2011-12-29 00:00:00.005,92.4681832151
2011-12-30 00:00:00.005,93.0460069732
2012-01-04 00:00:00.005,92.8209656213
2012-01-05 00:00:00.005,93.0488059835
2012-01-06 00:00:00.005,92.4166219517
2012-01-09 00:00:00.005,93.0714543846
2012-01-10 00:00:00.005,95.9727735766
2012-01-11 00:00:00.005,94.7672843025
2012-01-12 00:00:00.005,95.7442190418
2012-01-13 00:00:00.005,95.4160993717
2012-01-16 00:00:00.005,93.4767053323
2012-01-17 00:00:00.005,96.5819104469
2012-01-18 00:00:00.005,97.3683097177
2012-01-19 00:00:00.005,98.735272007
2012-01-20 00:00:00.005,98.4121883052
2012-01-30 00:00:00.005,99.9372798156
2012-01-31 00:00:00.005,101.410427249
2012-02-01 00:00:00.005,100.997763277
2012-02-02 00:00:00.005,104.841898861
2012-02-03 00:00:00.005,105.134348825
2012-02-06 00:00:00.005,106.586342231
2012-02-07 00:00:00.005,107.12980044
2012-02-08 00:00:00.005,110.316651683
2012-02-09 00:00:00.005,114.608093676
2012-02-10 00:00:00.005,112.358309355
2012-02-13 00:00:00.005,112.286229754
2012-02-14 00:00:00.005,111.824422191
2012-02-15 00:00:00.005,113.579153653
2012-02-16 00:00:00.005,113.905046059
2012-02-17 00:00:00.005,115.921113149
2012-02-20 00:00:00.005,114.650508398
2012-02-21 00:00:00.005,114.760699944
2012-02-22 00:00:00.005,121.172098288
2012-02-23 00:00:00.005,120.189016644
2012-02-24 00:00:00.005,121.302290629
2012-02-27 00:00:00.005,119.534557837
2012-02-28 00:00:00.005,119.287860914
2012-02-29 00:00:00.005,121.011882063
2012-03-01 00:00:00.005,117.282009833
2012-03-02 00:00:00.005,120.577957564
2012-03-05 00:00:00.005,118.36063757
2012-03-06 00:00:00.005,115.107437945
2012-03-07 00:00:00.005,115.053765232
2012-03-08 00:00:00.005,116.660213473
2012-03-09 00:00:00.005,119.52752609
2012-03-12 00:00:00.005,119.589851711
2012-03-13 00:00:00.005,119.877808867
2012-03-14 00:00:00.005,119.824832382
2012-03-15 00:00:00.005,119.499708213
2012-03-16 00:00:00.005,121.16375407
2012-03-19 00:00:00.005,117.801093319
2012-03-20 00:00:00.005,116.164325683
2012-03-21 00:00:00.005,115.493659911
2012-03-22 00:00:00.005,115.845240165
2012-03-23 00:00:00.005,115.751345261
2012-03-26 00:00:00.005,115.270700953
2012-03-27 00:00:00.005,117.394683519
2012-03-28 00:00:00.005,115.896304674
2012-03-29 00:00:00.005,115.019993219
2012-03-30 00:00:00.005,111.226200353
2012-04-05 00:00:00.005,111.671183345
2012-04-06 00:00:00.005,110.631695576
2012-04-09 00:00:00.005,110.560011098
2012-04-10 00:00:00.005,112.0756992
2012-04-11 00:00:00.005,111.831611411
2012-04-12 00:00:00.005,112.338151854
2012-04-13 00:00:00.005,114.000949547
2012-04-16 00:00:00.005,111.135925085
2012-04-17 00:00:00.005,112.843638882
2012-04-18 00:00:00.005,112.638878583
2012-04-19 00:00:00.005,112.85210956
2012-04-20 00:00:00.005,113.406508777
2012-04-23 00:00:00.005,112.780673274
2012-04-24 00:00:00.005,112.508364029
2012-04-25 00:00:00.005,112.658174293
2012-04-26 00:00:00.005,113.706310624
2012-04-27 00:00:00.005,113.878070234
2012-05-02 00:00:00.005,117.27911852
2012-05-03 00:00:00.005,115.925900584
2012-05-04 00:00:00.005,116.275946736
2012-05-07 00:00:00.005,113.988878906
2012-05-08 00:00:00.005,115.61467782
2012-05-09 00:00:00.005,114.563559312
2012-05-10 00:00:00.005,115.288475788
2012-05-11 00:00:00.005,114.371626301
2012-05-14 00:00:00.005,115.096070637
2012-05-15 00:00:00.005,115.710083868
2012-05-16 00:00:00.005,112.612189943
2012-05-17 00:00:00.005,114.461790266
2012-05-18 00:00:00.005,120.698888944
2012-05-21 00:00:00.005,118.623051527
2012-05-22 00:00:00.005,118.41617883
2012-05-23 00:00:00.005,119.161780894
2012-05-24 00:00:00.005,119.050559814
2012-05-25 00:00:00.005,117.974936881
2012-05-28 00:00:00.005,118.719065414
2012-05-29 00:00:00.005,120.075643958
2012-05-30 00:00:00.005,117.846468374
2012-05-31 00:00:00.005,116.837709996
2012-06-01 00:00:00.005,115.88466152
2012-06-04 00:00:00.005,113.561362723
2012-06-05 00:00:00.005,114.540274727
2012-06-06 00:00:00.005,116.671850779
2012-06-07 00:00:00.005,117.385462968
2012-06-08 00:00:00.005,115.406390908
2012-06-11 00:00:00.005,120.011558972
2012-06-12 00:00:00.005,121.41581996
2012-06-13 00:00:00.005,123.59073003
2012-06-14 00:00:00.005,122.077662737
2012-06-15 00:00:00.005,124.228831773
2012-06-18 00:00:00.005,124.124232986
2012-06-19 00:00:00.005,127.414849362
2012-06-20 00:00:00.005,126.357917438
2012-06-21 00:00:00.005,125.983278574
2012-06-25 00:00:00.005,123.66188729
2012-06-26 00:00:00.005,123.659748359
2012-06-27 00:00:00.005,124.647874851
2012-06-28 00:00:00.005,124.758661244
2012-06-29 00:00:00.005,125.679440868
2012-07-02 00:00:00.005,126.378189726
2012-07-03 00:00:00.005,127.051710964
2012-07-04 00:00:00.005,128.415045782
2012-07-05 00:00:00.005,127.25277511
2012-07-06 00:00:00.005,129.65411993
2012-07-09 00:00:00.005,128.538139462
2012-07-10 00:00:00.005,131.040560429
2012-07-11 00:00:00.005,129.151836443
2012-07-12 00:00:00.005,127.557336901
2012-07-13 00:00:00.005,126.918053062
2012-07-16 00:00:00.005,128.325644314
2012-07-17 00:00:00.005,127.173244198
2012-07-18 00:00:00.005,126.778862108
2012-07-19 00:00:00.005,126.308273057
2012-07-20 00:00:00.005,127.948895569
2012-07-23 00:00:00.005,132.280826263
2012-07-24 00:00:00.005,130.719363533
2012-07-25 00:00:00.005,131.351520994
2012-07-26 00:00:00.005,129.155985192
2012-07-27 00:00:00.005,131.488765815
2012-07-30 00:00:00.005,131.418745444
2012-07-31 00:00:00.005,130.920042441
2012-08-01 00:00:00.005,131.135026997
2012-08-02 00:00:00.005,131.221430429
2012-08-03 00:00:00.005,131.615225731
2012-08-06 00:00:00.005,133.268974409
2012-08-07 00:00:00.005,131.742945192
2012-08-08 00:00:00.005,133.952112209
2012-08-09 00:00:00.005,135.701368238
2012-08-10 00:00:00.005,135.565897482
2012-08-13 00:00:00.005,132.476028081
2012-08-14 00:00:00.005,134.400294571
2012-08-15 00:00:00.005,132.68502382
2012-08-16 00:00:00.005,131.908114378
2012-08-17 00:00:00.005,133.201908057
2012-08-20 00:00:00.005,132.756635338
2012-08-21 00:00:00.005,132.002745787
2012-08-22 00:00:00.005,133.195422245
2012-08-23 00:00:00.005,134.180981616
2012-08-24 00:00:00.005,132.85725558
2012-08-27 00:00:00.005,132.415994632
2012-08-28 00:00:00.005,131.850081876
2012-08-29 00:00:00.005,132.531046804
2012-08-30 00:00:00.005,130.496557433
2012-08-31 00:00:00.005,129.518182981
2012-09-03 00:00:00.005,130.506516904
2012-09-04 00:00:00.005,130.258440522
2012-09-05 00:00:00.005,130.462569015
2012-09-06 00:00:00.005,131.510491992
2012-09-07 00:00:00.005,131.479980436
2012-09-10 00:00:00.005,134.065034099
2012-09-11 00:00:00.005,134.52636752
2012-09-12 00:00:00.005,135.402132994
2012-09-13 00:00:00.005,133.026456923
2012-09-14 00:00:00.005,136.262103832
2012-09-17 00:00:00.005,135.95932571
2012-09-18 00:00:00.005,135.376835041
2012-09-19 00:00:00.005,137.200465538
2012-09-20 00:00:00.005,134.798655458
2012-09-21 00:00:00.005,134.231890224
2012-09-24 00:00:00.005,135.121073791
2012-09-25 00:00:00.005,136.607729719
2012-09-26 00:00:00.005,135.004847212
2012-09-27 00:00:00.005,134.348411573
2012-09-28 00:00:00.005,134.669038117
2012-10-08 00:00:00.005,135.879295634
2012-10-09 00:00:00.005,135.957223675
2012-10-10 00:00:00.005,137.487856939
2012-10-11 00:00:00.005,137.393577131
2012-10-12 00:00:00.005,138.132121981
2012-10-15 00:00:00.005,138.987032934
2012-10-16 00:00:00.005,139.09172274
2012-10-17 00:00:00.005,140.743045708
2012-10-18 00:00:00.005,142.227134419
2012-10-19 00:00:00.005,142.490404149
2012-10-22 00:00:00.005,143.078381356
2012-10-23 00:00:00.005,140.184881722
2012-10-24 00:00:00.005,142.301891623
2012-10-25 00:00:00.005,140.962989062
2012-10-26 00:00:00.005,137.20045061
2012-10-29 00:00:00.005,138.748352436
2012-10-30 00:00:00.005,137.428248769
2012-10-31 00:00:00.005,139.872505983
2012-11-01 00:00:00.005,143.941451262
2012-11-02 00:00:00.005,143.92334321
2012-11-05 00:00:00.005,145.614293686
2012-11-06 00:00:00.005,146.890571653
2012-11-07 00:00:00.005,144.319644554
2012-11-08 00:00:00.005,142.951072096
2012-11-09 00:00:00.005,143.768106571
2012-11-12 00:00:00.005,144.126871785
2012-11-13 00:00:00.005,140.474046538
2012-11-14 00:00:00.005,142.864752136
2012-11-15 00:00:00.005,142.292605779
2012-11-16 00:00:00.005,143.618487416
2012-11-19 00:00:00.005,144.897682176
2012-11-20 00:00:00.005,146.02559324
2012-11-21 00:00:00.005,147.914741345
2012-11-22 00:00:00.005,150.317640429
2012-11-23 00:00:00.005,152.310253966
2012-11-26 00:00:00.005,150.144499429
2012-11-27 00:00:00.005,149.316093775
2012-11-28 00:00:00.005,152.06004259
2012-11-29 00:00:00.005,151.387565244
2012-11-30 00:00:00.005,153.187945462
2012-12-03 00:00:00.005,150.846084877
2012-12-04 00:00:00.005,152.046234648
2012-12-05 00:00:00.005,151.82678466
2012-12-06 00:00:00.005,154.520058707
2012-12-07 00:00:00.005,159.5479008
2012-12-10 00:00:00.005,161.26419885
2012-12-11 00:00:00.005,160.677667331
2012-12-12 00:00:00.005,163.388344183
2012-12-13 00:00:00.005,162.15392764
2012-12-14 00:00:00.005,164.683677609
2012-12-17 00:00:00.005,164.908074543
2012-12-18 00:00:00.005,163.065934429
2012-12-19 00:00:00.005,160.415777191
2012-12-20 00:00:00.005,161.051866561
2012-12-21 00:00:00.005,163.325890419
2012-12-24 00:00:00.005,162.521535011
2012-12-25 00:00:00.005,163.998042506
2012-12-26 00:00:00.005,164.259061254
2012-12-27 00:00:00.005,164.798697971
2012-12-28 00:00:00.005,166.640197936
2012-12-31 00:00:00.005,166.960139596
2013-01-04 00:00:00.005,176.666505071
2013-01-07 00:00:00.005,180.256926214
2013-01-08 00:00:00.005,177.170518298
2013-01-09 00:00:00.005,183.565833606
2013-01-10 00:00:00.005,183.007922913
2013-01-11 00:00:00.005,180.463490952
2013-01-14 00:00:00.005,186.923134726
2013-01-15 00:00:00.005,187.975060085
2013-01-16 00:00:00.005,188.892645976
2013-01-17 00:00:00.005,192.491662449
2013-01-18 00:00:00.005,195.498265939
2013-01-21 00:00:00.005,194.360110815
2013-01-22 00:00:00.005,199.697336469
2013-01-23 00:00:00.005,197.191409471
2013-01-24 00:00:00.005,193.199301826
2013-01-25 00:00:00.005,190.225526936
2013-01-28 00:00:00.005,189.258328125
2013-01-29 00:00:00.005,191.710891623
2013-01-30 00:00:00.005,193.839485551
2013-01-31 00:00:00.005,192.494863287
2013-02-01 00:00:00.005,195.393641406
2013-02-04 00:00:00.005,195.803507033
2013-02-05 00:00:00.005,195.932125733
2013-02-06 00:00:00.005,198.368208015
2013-02-07 00:00:00.005,199.475992487
2013-02-08 00:00:00.005,200.560693957
2013-02-18 00:00:00.005,207.711946558
2013-02-19 00:00:00.005,203.126294842
2013-02-20 00:00:00.005,202.105524671
2013-02-21 00:00:00.005,200.895300347
2013-02-22 00:00:00.005,200.183482051
2013-02-25 00:00:00.005,197.929126708
2013-02-26 00:00:00.005,194.319504527
2013-02-27 00:00:00.005,196.643862634
2013-02-28 00:00:00.005,199.77182715
2013-03-01 00:00:00.005,201.513889922
2013-03-04 00:00:00.005,201.912355602
2013-03-05 00:00:00.005,205.070658916
2013-03-06 00:00:00.005,208.029075311
2013-03-07 00:00:00.005,207.788600065
2013-03-08 00:00:00.005,207.955860087
2013-03-11 00:00:00.005,208.319173483
2013-03-12 00:00:00.005,205.659017693
2013-03-13 00:00:00.005,204.294278442
2013-03-14 00:00:00.005,208.436463134
2013-03-15 00:00:00.005,207.802732159
2013-03-18 00:00:00.005,204.980389783
2013-03-19 00:00:00.005,205.078469687
2013-03-20 00:00:00.005,209.450881282
2013-03-21 00:00:00.005,211.810847283
2013-03-22 00:00:00.005,213.233224662
2013-03-25 00:00:00.005,212.213402268
2013-03-26 00:00:00.005,210.757724183
2013-03-27 00:00:00.005,209.02698412
2013-03-28 00:00:00.005,208.645443113
2013-03-29 00:00:00.005,208.447219196
2013-04-01 00:00:00.005,210.847055598
2013-04-02 00:00:00.005,210.308490426
2013-04-03 00:00:00.005,212.314467277
2013-04-08 00:00:00.005,205.875835155
2013-04-09 00:00:00.005,208.685008164
2013-04-10 00:00:00.005,210.049135286
2013-04-11 00:00:00.005,213.364981571
2013-04-12 00:00:00.005,214.08381083
2013-04-15 00:00:00.005,212.51906411
2013-04-16 00:00:00.005,212.481951433
2013-04-17 00:00:00.005,212.906788551
2013-04-18 00:00:00.005,213.904330877
2013-04-19 00:00:00.005,214.523456217
2013-04-22 00:00:00.005,215.963981177
2013-04-23 00:00:00.005,213.220740929
2013-04-24 00:00:00.005,217.361945594
2013-04-25 00:00:00.005,216.369628239
2013-04-26 00:00:00.005,215.647935839
2013-05-02 00:00:00.005,218.215314314
2013-05-03 00:00:00.005,221.077713048
2013-05-06 00:00:00.005,224.727307979
2013-05-07 00:00:00.005,225.764467527
2013-05-08 00:00:00.005,226.639805294
2013-05-09 00:00:00.005,227.138928559
2013-05-10 00:00:00.005,228.14581978
2013-05-13 00:00:00.005,229.868214823
2013-05-14 00:00:00.005,229.210326053
2013-05-15 00:00:00.005,234.576258351
2013-05-16 00:00:00.005,237.508970688
2013-05-17 00:00:00.005,237.806312664
2013-05-20 00:00:00.005,240.101804252
2013-05-21 00:00:00.005,239.942585332
2013-05-22 00:00:00.005,241.369533515
2013-05-23 00:00:00.005,237.372657117
2013-05-24 00:00:00.005,239.513608315
2013-05-27 00:00:00.005,244.132150372
2013-05-28 00:00:00.005,253.438081478
2013-05-29 00:00:00.005,253.3845773
2013-05-30 00:00:00.005,257.186339132
2013-05-31 00:00:00.005,260.726677804
2013-06-03 00:00:00.005,257.970169144
2013-06-04 00:00:00.005,260.770877724
2013-06-05 00:00:00.005,260.638691172
2013-06-06 00:00:00.005,256.024608069
2013-06-07 00:00:00.005,260.478949703
2013-06-13 00:00:00.005,252.899997704
2013-06-14 00:00:00.005,256.341104876
2013-06-17 00:00:00.005,260.964107052
2013-06-18 00:00:00.005,266.572934159
2013-06-19 00:00:00.005,267.364077575
2013-06-20 00:00:00.005,260.591434051
2013-06-21 00:00:00.005,253.394949215
2013-06-24 00:00:00.005,246.433086647
2013-06-25 00:00:00.005,240.425773456
2013-06-26 00:00:00.005,251.037124646
2013-06-27 00:00:00.005,253.044088208
2013-06-28 00:00:00.005,254.67446453
2013-07-01 00:00:00.005,256.286988736
2013-07-02 00:00:00.005,257.507777056
2013-07-03 00:00:00.005,252.471481495
2013-07-04 00:00:00.005,258.827905355
2013-07-05 00:00:00.005,258.661053041
2013-07-08 00:00:00.005,258.81471632
2013-07-09 00:00:00.005,256.64543245
2013-07-10 00:00:00.005,256.153635313
2013-07-11 00:00:00.005,263.632809024
2013-07-12 00:00:00.005,260.455399178
2013-07-15 00:00:00.005,261.066291669
2013-07-16 00:00:00.005,261.026140123
2013-07-17 00:00:00.005,261.293507886
2013-07-18 00:00:00.005,265.865627019
2013-07-19 00:00:00.005,261.797481042
2013-07-22 00:00:00.005,261.0516115
2013-07-23 00:00:00.005,267.619376867
2013-07-24 00:00:00.005,267.696953024
2013-07-25 00:00:00.005,265.953727453
2013-07-26 00:00:00.005,266.784607841
2013-07-29 00:00:00.005,264.846775491
2013-07-30 00:00:00.005,266.388009145
2013-07-31 00:00:00.005,265.649645581
2013-08-01 00:00:00.005,267.219037716
2013-08-02 00:00:00.005,267.815324261
2013-08-05 00:00:00.005,275.671733652
2013-08-06 00:00:00.005,277.284996623
2013-08-07 00:00:00.005,282.105642573
2013-08-08 00:00:00.005,283.935008779
2013-08-09 00:00:00.005,295.021525878
2013-08-12 00:00:00.005,298.864344151
2013-08-13 00:00:00.005,296.560920722
2013-08-14 00:00:00.005,297.058676295
2013-08-15 00:00:00.005,292.903799529
2013-08-16 00:00:00.005,293.535549261
2013-08-19 00:00:00.005,293.227859723
2013-08-20 00:00:00.005,289.064006901
2013-08-21 00:00:00.005,290.123443908
2013-08-22 00:00:00.005,289.742444624
2013-08-23 00:00:00.005,289.84644803
2013-08-26 00:00:00.005,291.831796837
2013-08-27 00:00:00.005,292.959443024
2013-08-28 00:00:00.005,294.029653415
2013-08-29 00:00:00.005,296.029691234
2013-08-30 00:00:00.005,296.545512831
2013-09-02 00:00:00.005,295.525446036
2013-09-03 00:00:00.005,291.835943634
2013-09-04 00:00:00.005,299.191222931
2013-09-05 00:00:00.005,309.029858981
2013-09-06 00:00:00.005,307.403285387
2013-09-09 00:00:00.005,303.985652444
2013-09-10 00:00:00.005,310.667893531
2013-09-11 00:00:00.005,311.954555332
2013-09-12 00:00:00.005,316.578737663
2013-09-13 00:00:00.005,316.212324634
2013-09-16 00:00:00.005,319.334553569
2013-09-17 00:00:00.005,314.382632106
2013-09-18 00:00:00.005,317.373319299
2013-09-23 00:00:00.005,323.013791034
2013-09-24 00:00:00.005,321.501416699
2013-09-25 00:00:00.005,323.737466727
2013-09-26 00:00:00.005,325.179694329
2013-09-27 00:00:00.005,324.828931095
2013-09-30 00:00:00.005,325.32496679
2013-10-08 00:00:00.005,341.286416874
2013-10-09 00:00:00.005,339.934529822
2013-10-10 00:00:00.005,342.054426303
2013-10-11 00:00:00.005,339.86990022
2013-10-14 00:00:00.005,353.284695438
2013-10-15 00:00:00.005,364.711314026
2013-10-16 00:00:00.005,365.550426806
2013-10-17 00:00:00.005,368.890446319
2013-10-18 00:00:00.005,366.671469747
2013-10-21 00:00:00.005,370.867354772
2013-10-22 00:00:00.005,375.408232941
2013-10-23 00:00:00.005,371.216890417
2013-10-24 00:00:00.005,374.15841753
2013-10-25 00:00:00.005,373.521001979
2013-10-28 00:00:00.005,371.556392537
2013-10-29 00:00:00.005,368.787142485
2013-10-30 00:00:00.005,377.780488097
2013-10-31 00:00:00.005,376.782546588
2013-11-01 00:00:00.005,383.443460628
2013-11-04 00:00:00.005,378.995658785
2013-11-05 00:00:00.005,383.293009998
2013-11-06 00:00:00.005,387.67844123
2013-11-07 00:00:00.005,382.577017187
2013-11-08 00:00:00.005,378.682994023
2013-11-11 00:00:00.005,379.595756334
2013-11-12 00:00:00.005,377.527990365
2013-11-13 00:00:00.005,377.202872387
2013-11-14 00:00:00.005,381.196799053
2013-11-15 00:00:00.005,393.748805373
2013-11-18 00:00:00.005,404.541053307
2013-11-19 00:00:00.005,413.859983714
2013-11-20 00:00:00.005,415.609302092
2013-11-21 00:00:00.005,416.593872145
2013-11-22 00:00:00.005,412.26362862
2013-11-25 00:00:00.005,416.893076001
2013-11-26 00:00:00.005,421.580917296
2013-11-27 00:00:00.005,417.700328736
2013-11-28 00:00:00.005,419.414381293
2013-11-29 00:00:00.005,419.222239532
2013-12-02 00:00:00.005,422.019956093
2013-12-03 00:00:00.005,427.17022266
2013-12-04 00:00:00.005,423.618751592
2013-12-05 00:00:00.005,424.311648065
2013-12-06 00:00:00.005,424.928642006
2013-12-09 00:00:00.005,420.584667984
2013-12-10 00:00:00.005,419.956677011
2013-12-11 00:00:00.005,426.407208028
2013-12-12 00:00:00.005,428.936488473
2013-12-13 00:00:00.005,429.699311922
2013-12-16 00:00:00.005,423.385134045
2013-12-17 00:00:00.005,425.471278009
2013-12-18 00:00:00.005,426.853532994
2013-12-19 00:00:00.005,422.016310221
2013-12-20 00:00:00.005,423.858781484
2013-12-23 00:00:00.005,425.37573417
2013-12-24 00:00:00.005,427.717857674
2013-12-25 00:00:00.005,426.390059068
2013-12-26 00:00:00.005,425.737779644
2013-12-27 00:00:00.005,436.109722709
2013-12-30 00:00:00.005,425.290356648
2013-12-31 00:00:00.005,434.741664507
2014-01-02 00:00:00.005,434.190075897
2014-01-03 00:00:00.005,434.994452595
2014-01-06 00:00:00.005,428.502096025
2014-01-07 00:00:00.005,432.854129521
2014-01-08 00:00:00.005,438.780252705
2014-01-09 00:00:00.005,438.323744517
2014-01-10 00:00:00.005,440.028237356
2014-01-13 00:00:00.005,437.463720429
2014-01-14 00:00:00.005,435.980250386
2014-01-15 00:00:00.005,437.71062393
2014-01-16 00:00:00.005,436.283818578
2014-01-17 00:00:00.005,436.856988712
2014-01-20 00:00:00.005,436.03010806
2014-01-21 00:00:00.005,436.997634901
2014-01-22 00:00:00.005,440.736504544
2014-01-23 00:00:00.005,436.436881252
2014-01-24 00:00:00.005,485.506136815
2014-01-27 00:00:00.005,472.234417336
2014-01-28 00:00:00.005,479.537275148
2014-01-29 00:00:00.005,479.15737389
2014-01-30 00:00:00.005,486.7657416
2014-02-07 00:00:00.005,477.796981463
2014-02-10 00:00:00.005,485.228931235
2014-02-11 00:00:00.005,496.37134563
2014-02-12 00:00:00.005,492.554341536
2014-02-13 00:00:00.005,514.735869538
2014-02-14 00:00:00.005,501.893023775
2014-02-17 00:00:00.005,530.177307426
2014-02-18 00:00:00.005,530.700108593
2014-02-19 00:00:00.005,526.655577245
2014-02-20 00:00:00.005,515.948916475
2014-02-21 00:00:00.005,526.68395724
2014-02-24 00:00:00.005,515.90736366
2014-02-25 00:00:00.005,522.757118511
2014-02-26 00:00:00.005,530.48257401
2014-02-27 00:00:00.005,533.701313824
2014-02-28 00:00:00.005,538.555516423
2014-03-03 00:00:00.005,544.045093547
2014-03-04 00:00:00.005,541.282202134
2014-03-05 00:00:00.005,549.477876219
2014-03-06 00:00:00.005,554.433409453
2014-03-07 00:00:00.005,542.031293999
2014-03-10 00:00:00.005,556.518387078
2014-03-11 00:00:00.005,566.330679393
2014-03-12 00:00:00.005,551.556402234
2014-03-13 00:00:00.005,556.244114249
2014-03-14 00:00:00.005,551.095053744
2014-03-17 00:00:00.005,544.193454792
2014-03-18 00:00:00.005,556.346485324
2014-03-19 00:00:00.005,557.014012048
2014-03-20 00:00:00.005,552.498885332
2014-03-21 00:00:00.005,555.690292078
2014-03-24 00:00:00.005,553.544360611
2014-03-25 00:00:00.005,556.589431049
2014-03-26 00:00:00.005,560.959514969
2014-03-27 00:00:00.005,551.138659555
2014-03-28 00:00:00.005,555.502473778
2014-03-31 00:00:00.005,554.176619405
2014-04-01 00:00:00.005,551.720520773
2014-04-02 00:00:00.005,551.014880224
2014-04-03 00:00:00.005,562.020367771
2014-04-04 00:00:00.005,546.409206562
2014-04-08 00:00:00.005,566.249133984
2014-04-09 00:00:00.005,560.357682873
2014-04-10 00:00:00.005,567.07705977
2014-04-11 00:00:00.005,564.765978067
2014-04-14 00:00:00.005,553.624890508
2014-04-15 00:00:00.005,553.719063852
2014-04-16 00:00:00.005,547.759936249
2014-04-17 00:00:00.005,559.266117419
2014-04-18 00:00:00.005,552.30574963
2014-04-21 00:00:00.005,552.647217523
2014-04-22 00:00:00.005,559.473187862
2014-04-23 00:00:00.005,548.475851477
2014-04-24 00:00:00.005,542.650649982
2014-04-25 00:00:00.005,543.922410793
2014-04-28 00:00:00.005,535.097079952
2014-04-29 00:00:00.005,539.581788215
2014-04-30 00:00:00.005,534.966093071
2014-05-05 00:00:00.005,542.854185003
2014-05-06 00:00:00.005,545.635302708
2014-05-07 00:00:00.005,536.266873969
2014-05-08 00:00:00.005,530.872565598
2014-05-09 00:00:00.005,525.741327091
2014-05-12 00:00:00.005,533.639370745
2014-05-13 00:00:00.005,538.806860012
2014-05-14 00:00:00.005,543.563770596
2014-05-15 00:00:00.005,546.730504096
2014-05-16 00:00:00.005,546.580575886
2014-05-19 00:00:00.005,559.958149792
2014-05-20 00:00:00.005,568.11756855
2014-05-21 00:00:00.005,571.222357863
2014-05-22 00:00:00.005,576.047364061
2014-05-23 00:00:00.005,572.838417509
2014-05-26 00:00:00.005,569.401211991
2014-05-27 00:00:00.005,574.749644058
2014-05-28 00:00:00.005,560.311292161
2014-05-29 00:00:00.005,548.6121907
2014-05-30 00:00:00.005,558.027320252
2014-06-03 00:00:00.005,559.12288941
2014-06-04 00:00:00.005,560.799522293
2014-06-05 00:00:00.005,563.914208278
2014-06-06 00:00:00.005,563.635610002
2014-06-09 00:00:00.005,565.453382706
2014-06-10 00:00:00.005,575.117138839
2014-06-11 00:00:00.005,575.783356015
2014-06-12 00:00:00.005,575.337880992
2014-06-13 00:00:00.005,575.85930105
2014-06-16 00:00:00.005,589.55398794
2014-06-17 00:00:00.005,598.86372417
2014-06-18 00:00:00.005,599.430598659
2014-06-19 00:00:00.005,619.521712614
2014-06-20 00:00:00.005,618.079346913
2014-06-23 00:00:00.005,619.348468501
2014-06-24 00:00:00.005,600.867348464
2014-06-25 00:00:00.005,608.554653022
2014-06-26 00:00:00.005,615.159796568
2014-06-27 00:00:00.005,619.013846882
2014-06-30 00:00:00.005,610.017520534
2014-07-01 00:00:00.005,626.325360808
2014-07-02 00:00:00.005,651.966002308
2014-07-03 00:00:00.005,655.271534289
2014-07-04 00:00:00.005,672.484510355
2014-07-07 00:00:00.005,681.199980581
2014-07-08 00:00:00.005,703.375674216
2014-07-09 00:00:00.005,692.673948773
2014-07-10 00:00:00.005,677.719049217
2014-07-11 00:00:00.005,683.333992447
2014-07-14 00:00:00.005,706.880070559
2014-07-15 00:00:00.005,709.003747448
2014-07-16 00:00:00.005,717.401764686
2014-07-17 00:00:00.005,736.943974341
2014-07-18 00:00:00.005,748.598123265
2014-07-21 00:00:00.005,784.094770534
2014-07-22 00:00:00.005,794.772990863
2014-07-23 00:00:00.005,796.131266437
2014-07-24 00:00:00.005,732.92185633
2014-07-25 00:00:00.005,808.023175797
2014-07-28 00:00:00.005,801.822559471
2014-07-29 00:00:00.005,794.686290565
2014-07-30 00:00:00.005,799.42175883
2014-07-31 00:00:00.005,801.586127844
2014-08-01 00:00:00.005,800.616294286
2014-08-04 00:00:00.005,811.934210049
2014-08-05 00:00:00.005,771.243036256
2014-08-06 00:00:00.005,816.857554314
2014-08-07 00:00:00.005,837.204296009
2014-08-08 00:00:00.005,829.975283407
2014-08-11 00:00:00.005,857.103936536
2014-08-12 00:00:00.005,869.577263147
2014-08-13 00:00:00.005,863.83208432
2014-08-14 00:00:00.005,854.79987219
2014-08-15 00:00:00.005,874.905273235
2014-08-18 00:00:00.005,847.771900823
2014-08-19 00:00:00.005,870.943291617
2014-08-20 00:00:00.005,847.90950523
2014-08-21 00:00:00.005,824.503635221
2014-08-22 00:00:00.005,846.624270265
2014-08-25 00:00:00.005,860.805250361
2014-08-26 00:00:00.005,857.593832397
2014-08-27 00:00:00.005,867.703389746
2014-08-28 00:00:00.005,865.903671243
2014-08-29 00:00:00.005,881.736607601
2014-09-01 00:00:00.005,884.076217694
2014-09-02 00:00:00.005,906.275206437
2014-09-03 00:00:00.005,904.49832867
2014-09-04 00:00:00.005,898.642569449
2014-09-05 00:00:00.005,899.836502322
2014-09-09 00:00:00.005,931.4817302
2014-09-10 00:00:00.005,925.47948722
2014-09-11 00:00:00.005,938.552181416
2014-09-12 00:00:00.005,955.922135611
2014-09-15 00:00:00.005,947.631540794
2014-09-16 00:00:00.005,927.227636378
2014-09-17 00:00:00.005,936.471873309
2014-09-18 00:00:00.005,943.378829931
2014-09-19 00:00:00.005,946.085908913
2014-09-22 00:00:00.005,941.901464857
2014-09-23 00:00:00.005,946.651219909
2014-09-24 00:00:00.005,958.987914179
2014-09-25 00:00:00.005,969.106889007
2014-09-26 00:00:00.005,953.877244678
2014-09-29 00:00:00.005,936.800586358
2014-09-30 00:00:00.005,937.105066012
2014-10-08 00:00:00.005,958.459605021
2014-10-09 00:00:00.005,984.672459911
2014-10-10 00:00:00.005,993.465136834
2014-10-13 00:00:00.005,995.788236656
2014-10-14 00:00:00.005,1016.75148953
2014-10-15 00:00:00.005,998.040000119
2014-10-16 00:00:00.005,992.921368538
2014-10-17 00:00:00.005,978.162354205
2014-10-20 00:00:00.005,993.849009821
2014-10-21 00:00:00.005,994.66763077
2014-10-22 00:00:00.005,991.529320576
2014-10-23 00:00:00.005,993.457049368
2014-10-24 00:00:00.005,985.828508576
2014-10-27 00:00:00.005,981.375746247
2014-10-28 00:00:00.005,984.054826399
2014-10-29 00:00:00.005,988.171191156
2014-10-30 00:00:00.005,988.625698297
2014-10-31 00:00:00.005,974.660681545
2014-11-03 00:00:00.005,1018.0471923
2014-11-04 00:00:00.005,1013.53818196
2014-11-05 00:00:00.005,1017.97556457
2014-11-06 00:00:00.005,1005.74818885
2014-11-07 00:00:00.005,1012.50338066
2014-11-10 00:00:00.005,1022.85857814
2014-11-11 00:00:00.005,1020.24300193
2014-11-12 00:00:00.005,1014.05630177
2014-11-13 00:00:00.005,1054.82989316
2014-11-14 00:00:00.005,1028.79472798
2014-11-17 00:00:00.005,1029.94589091
2014-11-18 00:00:00.005,1051.63799336
2014-11-19 00:00:00.005,1044.82253499
2014-11-20 00:00:00.005,1044.60553076
2014-11-21 00:00:00.005,1039.79566652
2014-11-24 00:00:00.005,1052.23804097
2014-11-25 00:00:00.005,1043.82254232
2014-11-26 00:00:00.005,1055.76377191
2014-11-27 00:00:00.005,1058.8502467
2014-11-28 00:00:00.005,1053.46118034
2014-12-01 00:00:00.005,1056.8631713
2014-12-02 00:00:00.005,1107.41067969
2014-12-03 00:00:00.005,1092.35370478
2014-12-04 00:00:00.005,1094.3489931
2014-12-05 00:00:00.005,1116.04212306
2014-12-08 00:00:00.005,1110.5620368
2014-12-09 00:00:00.005,1093.9362753
2014-12-10 00:00:00.005,1095.65525751
2014-12-11 00:00:00.005,1087.31746972
2014-12-12 00:00:00.005,1088.79995027
2014-12-15 00:00:00.005,1098.58556645
2014-12-16 00:00:00.005,1099.65133029
2014-12-17 00:00:00.005,1108.05232289
2014-12-18 00:00:00.005,1094.01180685
2014-12-19 00:00:00.005,1081.33856715
2014-12-22 00:00:00.005,1094.96170739
2014-12-23 00:00:00.005,1099.15039453
2014-12-24 00:00:00.005,1102.59152313
2014-12-25 00:00:00.005,1093.97333552
2014-12-26 00:00:00.005,1084.0610979
2014-12-29 00:00:00.005,1082.72981504
2014-12-30 00:00:00.005,1095.6105146
2014-12-31 00:00:00.005,1115.91058601
2015-01-05 00:00:00.005,1144.11165317
2015-01-06 00:00:00.005,1168.78771086
2015-01-07 00:00:00.005,1144.09880221
2015-01-08 00:00:00.005,1144.8728868
2015-01-09 00:00:00.005,1164.1738901
2015-01-12 00:00:00.005,1162.7612688
2015-01-13 00:00:00.005,1157.40136801
2015-01-14 00:00:00.005,1169.70858747
2015-01-15 00:00:00.005,1162.93152119
2015-01-16 00:00:00.005,1168.41634517
2015-01-19 00:00:00.005,1147.24046882
2015-01-20 00:00:00.005,1156.90434133
2015-01-21 00:00:00.005,1175.40311678
2015-01-22 00:00:00.005,1178.67721112
2015-01-23 00:00:00.005,1145.52243983
2015-01-26 00:00:00.005,1123.92373833
2015-01-27 00:00:00.005,1138.51443669
2015-01-28 00:00:00.005,1155.91667047
2015-01-29 00:00:00.005,1156.77274739
2015-01-30 00:00:00.005,1150.27475503
2015-02-02 00:00:00.005,1155.58885632
2015-02-03 00:00:00.005,1166.36363714
2015-02-04 00:00:00.005,1163.29459133
2015-02-05 00:00:00.005,1170.34578166
2015-02-06 00:00:00.005,1165.9253065
2015-02-09 00:00:00.005,1185.42311047
2015-02-10 00:00:00.005,1186.17983152
2015-02-11 00:00:00.005,1191.47158168
2015-02-12 00:00:00.005,1199.07502394
2015-02-13 00:00:00.005,1220.32865824
2015-02-16 00:00:00.005,1228.96422937
2015-02-17 00:00:00.005,1237.54417796
2015-02-25 00:00:00.005,1265.45765954
2015-02-26 00:00:00.005,1263.56055119
2015-02-27 00:00:00.005,1276.26726255
2015-03-02 00:00:00.005,1265.82130859
2015-03-03 00:00:00.005,1275.29879521
2015-03-04 00:00:00.005,1266.45566809
2015-03-05 00:00:00.005,1261.88506432
2015-03-06 00:00:00.005,1285.65511828
2015-03-09 00:00:00.005,1281.07950635
2015-03-10 00:00:00.005,1303.79709551
2015-03-11 00:00:00.005,1264.04282156
2015-03-12 00:00:00.005,1282.67108556
2015-03-13 00:00:00.005,1295.41981498
2015-03-16 00:00:00.005,1291.41934897
2015-03-17 00:00:00.005,1311.80892961
2015-03-18 00:00:00.005,1312.1184619
2015-03-19 00:00:00.005,1315.19991615
2015-03-20 00:00:00.005,1344.79447452
2015-03-23 00:00:00.005,1320.96898007
2015-03-24 00:00:00.005,1342.05127819
2015-03-25 00:00:00.005,1352.9109217
2015-03-26 00:00:00.005,1343.55570357
2015-03-27 00:00:00.005,1360.77291564
2015-03-30 00:00:00.005,1433.50245451
2015-03-31 00:00:00.005,1430.05015259
2015-04-01 00:00:00.005,1471.32373381
2015-04-02 00:00:00.005,1532.78052157
2015-04-03 00:00:00.005,1541.86567204
2015-04-07 00:00:00.005,1583.47944115
2015-04-08 00:00:00.005,1837.75342829
2015-04-09 00:00:00.005,1875.88866443
2015-04-10 00:00:00.005,1893.37962019
2015-04-13 00:00:00.005,1940.44954105
2015-04-14 00:00:00.005,1927.98017236
2015-04-15 00:00:00.005,1900.81688466
2015-04-16 00:00:00.005,2112.52853127
2015-04-17 00:00:00.005,2245.05938317
2015-04-20 00:00:00.005,2256.46623367
2015-04-21 00:00:00.005,2346.93275705
2015-04-22 00:00:00.005,2471.29123778
2015-04-23 00:00:00.005,2418.14780784
2015-04-24 00:00:00.005,2455.78236739
2015-04-27 00:00:00.005,2931.88831147
2015-04-28 00:00:00.005,3157.68280761
2015-04-29 00:00:00.005,3297.19910291
2015-04-30 00:00:00.005,3265.21893191
2015-05-04 00:00:00.005,3452.13354416
2015-05-05 00:00:00.005,3436.10138866
2015-05-06 00:00:00.005,3511.99333196
2015-05-07 00:00:00.005,3499.83442872
2015-05-08 00:00:00.005,3529.77264287
2015-05-11 00:00:00.005,3666.39986118
2015-05-12 00:00:00.005,3667.04233843
2015-05-13 00:00:00.005,3692.87749907
2015-05-14 00:00:00.005,3830.49880218
2015-05-15 00:00:00.005,3850.13437691
2015-05-18 00:00:00.005,4408.07091319
2015-05-19 00:00:00.005,5225.72734598
2015-05-20 00:00:00.005,6198.03754422
2015-05-21 00:00:00.005,6186.86596699
2015-05-22 00:00:00.005,5502.32808327
2015-05-25 00:00:00.005,5799.55702382
2015-05-26 00:00:00.005,6119.46525175
2015-05-27 00:00:00.005,5988.49913877
2015-05-28 00:00:00.005,6146.16890564
2015-05-29 00:00:00.005,6253.67873966
2015-06-01 00:00:00.005,6778.79588135
2015-06-02 00:00:00.005,6732.99789941
2015-06-03 00:00:00.005,6925.24868895
2015-06-04 00:00:00.005,7169.7213092
2015-06-05 00:00:00.005,7455.69099792
2015-06-08 00:00:00.005,7373.83327855
2015-06-09 00:00:00.005,3945.59727905
2015-06-10 00:00:00.005,3961.99180783
2015-06-11 00:00:00.005,3981.4080434
2015-06-12 00:00:00.005,4161.66584316
2015-06-15 00:00:00.005,4075.0673446
2015-06-16 00:00:00.005,4070.70951852
2015-06-17 00:00:00.005,4143.50887389
2015-06-18 00:00:00.005,4226.23373384
2015-06-19 00:00:00.005,4159.30834114
2015-06-23 00:00:00.005,4219.10957643
2015-06-24 00:00:00.005,4268.08230575
2015-06-25 00:00:00.005,4196.72491201
2015-06-26 00:00:00.005,4038.06742589
2015-06-29 00:00:00.005,3911.59471518
2015-06-30 00:00:00.005,3999.4575266
2015-07-01 00:00:00.005,3964.35598552
2015-07-02 00:00:00.005,3994.30592155
2015-07-03 00:00:00.005,3897.94992767
2015-07-06 00:00:00.005,3686.473699
2015-07-07 00:00:00.005,3632.03122644
2015-07-08 00:00:00.005,3426.59867972
2015-07-09 00:00:00.005,3732.17048677
2015-07-10 00:00:00.005,3841.65320906
2015-07-13 00:00:00.005,3891.11817966
2015-07-14 00:00:00.005,3945.39585492
2015-07-15 00:00:00.005,3904.36562494
2015-07-16 00:00:00.005,3984.80520146
2015-07-17 00:00:00.005,4040.0875214
2015-07-20 00:00:00.005,4001.55921846
2015-07-21 00:00:00.005,4107.99368848
2015-07-22 00:00:00.005,4176.35792476
2015-07-23 00:00:00.005,4305.93912882
2015-07-24 00:00:00.005,4116.38187312
2015-07-27 00:00:00.005,4041.10672265
2015-07-28 00:00:00.005,3953.04679192
2015-07-29 00:00:00.005,4118.20513703
2015-07-30 00:00:00.005,4103.97313502
2015-07-31 00:00:00.005,4138.29845072
2015-08-03 00:00:00.005,4088.9005654
2015-08-04 00:00:00.005,4094.11337051
2015-08-05 00:00:00.005,4046.48553962
2015-08-06 00:00:00.005,4146.51728846
2015-08-07 00:00:00.005,4223.67349466
2015-08-10 00:00:00.005,4292.20890148
2015-08-11 00:00:00.005,4281.16134666
2015-08-12 00:00:00.005,4227.46871858
2015-08-13 00:00:00.005,4344.73835468
2015-08-14 00:00:00.005,4508.45737189
2015-08-17 00:00:00.005,4430.04891393
2015-08-18 00:00:00.005,4301.25452131
2015-08-19 00:00:00.005,4053.17243862
2015-08-20 00:00:00.005,3894.82977347
2015-08-21 00:00:00.005,3730.8005669
2015-08-24 00:00:00.005,3483.09583093
2015-08-25 00:00:00.005,3506.89492671
2015-08-26 00:00:00.005,3445.5549122
2015-08-27 00:00:00.005,3429.67319028
2015-08-28 00:00:00.005,3766.8142695
2015-08-31 00:00:00.005,3634.04765566
2015-09-01 00:00:00.005,3690.98941607
2015-09-02 00:00:00.005,3709.1840126
2015-09-07 00:00:00.005,3649.39195807
2015-09-08 00:00:00.005,3737.30137832
2015-09-09 00:00:00.005,3778.14028809
2015-09-10 00:00:00.005,3639.62171286
2015-09-11 00:00:00.005,3753.4746921
2015-09-14 00:00:00.005,3735.46495244
2015-09-15 00:00:00.005,3715.11819512
2015-09-16 00:00:00.005,3811.41731317
2015-09-17 00:00:00.005,3792.01570223
2015-09-18 00:00:00.005,3902.88042864
2015-09-21 00:00:00.005,3817.48454847
2015-09-22 00:00:00.005,3893.23704526
2015-09-23 00:00:00.005,3848.84422527
2015-09-24 00:00:00.005,3848.62817536
2015-09-25 00:00:00.005,3878.25842011
2015-09-28 00:00:00.005,3762.60080971
2015-09-29 00:00:00.005,3728.9985589
2015-09-30 00:00:00.005,4038.15042691
2015-10-08 00:00:00.005,3952.98472261
2015-10-09 00:00:00.005,3905.58854848
2015-10-12 00:00:00.005,3975.80524733
2015-10-13 00:00:00.005,4008.28079073
2015-10-14 00:00:00.005,4075.92152625
2015-10-15 00:00:00.005,4095.27852242
2015-10-16 00:00:00.005,4171.79226907
2015-10-19 00:00:00.005,4176.71655298
2015-10-20 00:00:00.005,4223.32536896
2015-10-21 00:00:00.005,4194.47070171
2015-10-22 00:00:00.005,4213.1552808
2015-10-23 00:00:00.005,4242.06129781
2015-10-26 00:00:00.005,4272.44531586
2015-10-27 00:00:00.005,4191.17862076
2015-10-28 00:00:00.005,4175.36663658
2015-10-29 00:00:00.005,4208.05955103
2015-10-30 00:00:00.005,4185.87299613
2015-11-02 00:00:00.005,4242.91085516
2015-11-03 00:00:00.005,4297.32950918
2015-11-04 00:00:00.005,4385.04996405
2015-11-05 00:00:00.005,4428.2150403
2015-11-06 00:00:00.005,4529.91474244
2015-11-09 00:00:00.005,4500.72266885
2015-11-10 00:00:00.005,4457.45723876
2015-11-11 00:00:00.005,4474.63289992
2015-11-12 00:00:00.005,4534.35448274
2015-11-13 00:00:00.005,4447.64158066
2015-11-16 00:00:00.005,4512.29700071
2015-11-17 00:00:00.005,4511.73954436
2015-11-18 00:00:00.005,4655.47508781
2015-11-19 00:00:00.005,4660.96449135
2015-11-20 00:00:00.005,4677.4875996
2015-11-23 00:00:00.005,4700.37149209
2015-11-24 00:00:00.005,4699.35879378
2015-11-25 00:00:00.005,4668.09209736
2015-11-26 00:00:00.005,4660.23385651
2015-11-27 00:00:00.005,4554.39568794
2015-11-30 00:00:00.005,4599.93878419
2015-12-01 00:00:00.005,4681.71833964
2015-12-02 00:00:00.005,4729.94850521
2015-12-03 00:00:00.005,4792.0196016
2015-12-04 00:00:00.005,4587.61668907
2015-12-07 00:00:00.005,4771.4568323
2015-12-08 00:00:00.005,4713.92316231
2015-12-09 00:00:00.005,4677.76216684
2015-12-10 00:00:00.005,4682.28378937
2015-12-11 00:00:00.005,4531.86974004
2015-12-14 00:00:00.005,4475.04458558
2015-12-15 00:00:00.005,4544.8477219
2015-12-16 00:00:00.005,4526.37757213
2015-12-17 00:00:00.005,4520.00782152
2015-12-18 00:00:00.005,4651.5449228
2015-12-21 00:00:00.005,4638.06018785
2015-12-22 00:00:00.005,4583.70529016
2015-12-23 00:00:00.005,4660.90893225
2015-12-24 00:00:00.005,4602.248412
2015-12-25 00:00:00.005,4530.07461837
2015-12-28 00:00:00.005,4544.87251941
2015-12-29 00:00:00.005,4554.04808287
2015-12-30 00:00:00.005,4594.59312901
2015-12-31 00:00:00.005,4620.1410447
2016-01-04 00:00:00.005,4478.86190569
2016-01-05 00:00:00.005,4483.71489901
2016-01-06 00:00:00.005,4531.77186239
2016-01-07 00:00:00.005,4330.9324476
2016-01-08 00:00:00.005,4370.68784608
2016-01-11 00:00:00.005,4197.43937803
2016-01-12 00:00:00.005,4184.90925592
2016-01-13 00:00:00.005,4233.09940545
2016-01-14 00:00:00.005,4097.72681363
2016-01-15 00:00:00.005,4169.6539777
2016-01-18 00:00:00.005,4144.80763285
2016-01-19 00:00:00.005,4185.92337547
2016-01-20 00:00:00.005,4118.65020778
2016-01-21 00:00:00.005,4000.692244
2016-01-22 00:00:00.005,4020.99800196
2016-01-25 00:00:00.005,4076.10918172
2016-01-26 00:00:00.005,4005.63617728
2016-01-27 00:00:00.005,4013.46034699
2016-01-28 00:00:00.005,4025.66894406
2016-01-29 00:00:00.005,4095.29931694
2016-02-01 00:00:00.005,4148.24749791
2016-02-02 00:00:00.005,4161.66039571
2016-02-03 00:00:00.005,4113.94017478
2016-02-04 00:00:00.005,4163.7679965
2016-02-05 00:00:00.005,4166.60280554
2016-02-15 00:00:00.005,4097.74017542
2016-02-16 00:00:00.005,4152.61386071
2016-02-17 00:00:00.005,4134.77632038
2016-02-18 00:00:00.005,4238.70231348
2016-02-19 00:00:00.005,4291.5204193
2016-02-22 00:00:00.005,4322.86429857
2016-02-23 00:00:00.005,4313.62474754
2016-02-24 00:00:00.005,4274.03658414
2016-02-25 00:00:00.005,4198.53115471
2016-02-26 00:00:00.005,4240.58520011
2016-02-29 00:00:00.005,4249.35273447
2016-03-01 00:00:00.005,4271.08740065
2016-03-02 00:00:00.005,4394.71392051
2016-03-03 00:00:00.005,4420.56197853
2016-03-04 00:00:00.005,4459.66527111
2016-03-07 00:00:00.005,4567.59298362
2016-03-08 00:00:00.005,4538.75526334
2016-03-09 00:00:00.005,4487.59665285
2016-03-10 00:00:00.005,4414.89043135
2016-03-11 00:00:00.005,4474.65676497
2016-03-14 00:00:00.005,4528.51586979
2016-03-15 00:00:00.005,4516.92041149
2016-03-16 00:00:00.005,4553.54054218
2016-03-17 00:00:00.005,4593.73768426
2016-03-18 00:00:00.005,4714.1693755
2016-03-21 00:00:00.005,4722.04052711
2016-03-22 00:00:00.005,4640.84690256
2016-03-23 00:00:00.005,4729.56338188
2016-03-24 00:00:00.005,4683.27358975
2016-03-25 00:00:00.005,4722.02941452
2016-03-28 00:00:00.005,4756.17687198
2016-03-29 00:00:00.005,4742.06529587
2016-03-30 00:00:00.005,4836.37730931
2016-03-31 00:00:00.005,4893.43055834
2016-04-01 00:00:00.005,4865.05474527
2016-04-05 00:00:00.005,4864.89411617
2016-04-06 00:00:00.005,4849.49568035
2016-04-07 00:00:00.005,4837.59548217
2016-04-08 00:00:00.005,4846.05024266
2016-04-11 00:00:00.005,4922.7889198
2016-04-12 00:00:00.005,4976.80565825
2016-04-13 00:00:00.005,5125.60509475
2016-04-14 00:00:00.005,5150.59770889
2016-04-15 00:00:00.005,5187.40442191
2016-04-18 00:00:00.005,5115.59041401
2016-04-19 00:00:00.005,5183.56993877
2016-04-20 00:00:00.005,5151.02432672
2016-04-21 00:00:00.005,5206.0775167
2016-04-22 00:00:00.005,5188.29061119
2016-04-25 00:00:00.005,5211.59222177
2016-04-26 00:00:00.005,5218.12149726
2016-04-27 00:00:00.005,5213.3934762
2016-04-28 00:00:00.005,5172.5581535
2016-04-29 00:00:00.005,5135.80329075
2016-05-03 00:00:00.005,5040.67208241
2016-05-04 00:00:00.005,4988.23727058
2016-05-05 00:00:00.005,4955.12479126
2016-05-06 00:00:00.005,4917.39893927
2016-05-09 00:00:00.005,4855.39890188
2016-05-10 00:00:00.005,4879.99937204
2016-05-11 00:00:00.005,4826.62474838
2016-05-12 00:00:00.005,4825.44604984
2016-05-13 00:00:00.005,4802.1879387
2016-05-16 00:00:00.005,4793.03450658
2016-05-17 00:00:00.005,4775.93900419
2016-05-18 00:00:00.005,4696.47297357
2016-05-19 00:00:00.005,4721.90248195
2016-05-20 00:00:00.005,4742.28688755
2016-05-23 00:00:00.005,4717.57407343
2016-05-24 00:00:00.005,4740.84080063
2016-05-25 00:00:00.005,4753.93233459
2016-05-26 00:00:00.005,4758.16871407
2016-05-27 00:00:00.005,4786.03753757
2016-05-30 00:00:00.005,4735.7817065
2016-05-31 00:00:00.005,4915.41029427
2016-06-01 00:00:00.005,4885.32528448
2016-06-02 00:00:00.005,4921.09559744
2016-06-03 00:00:00.005,4952.39753104
2016-06-06 00:00:00.005,4971.92580312
2016-06-07 00:00:00.005,5037.88146899
2016-06-08 00:00:00.005,5011.25117747
2016-06-13 00:00:00.005,4845.23079158
2016-06-14 00:00:00.005,4802.93517199
2016-06-15 00:00:00.005,4768.02053011
2016-06-16 00:00:00.005,4754.59771846
2016-06-17 00:00:00.005,4760.40422785
2016-06-20 00:00:00.005,4785.58885711
2016-06-21 00:00:00.005,4781.18284031
2016-06-22 00:00:00.005,4830.18443145
2016-06-23 00:00:00.005,4824.43264956
2016-06-24 00:00:00.005,4742.80056232
2016-06-27 00:00:00.005,4719.81805598
2016-06-28 00:00:00.005,4786.8209442
2016-06-29 00:00:00.005,4814.76353154
2016-06-30 00:00:00.005,4842.46526578
2016-07-01 00:00:00.005,4875.39681183
2016-07-04 00:00:00.005,4890.52618688
2016-07-05 00:00:00.005,4849.6813025
2016-07-06 00:00:00.005,4850.978924
2016-07-07 00:00:00.005,4847.53086665
2016-07-08 00:00:00.005,4838.14638638
2016-07-11 00:00:00.005,4873.92714153
2016-07-12 00:00:00.005,4912.71166222
2016-07-13 00:00:00.005,4921.46376918
2016-07-14 00:00:00.005,4925.24827853
2016-07-15 00:00:00.005,4931.5724523
2016-07-18 00:00:00.005,4971.84928503
2016-07-19 00:00:00.005,4955.2831326
2016-07-20 00:00:00.005,5022.9856188
2016-07-21 00:00:00.005,5083.2273099
2016-07-22 00:00:00.005,5059.26001841
2016-07-25 00:00:00.005,5102.17927071
2016-07-26 00:00:00.005,5107.70869985
2016-07-27 00:00:00.005,5076.45707837
2016-07-28 00:00:00.005,5113.21186942
2016-07-29 00:00:00.005,5010.34707875
2016-08-01 00:00:00.005,4997.08772452
2016-08-02 00:00:00.005,5013.94539381
2016-08-03 00:00:00.005,5012.19101433
2016-08-04 00:00:00.005,5098.93800098
2016-08-05 00:00:00.005,5182.93658959
2016-08-08 00:00:00.005,5202.26222834
2016-08-09 00:00:00.005,5274.57177567
2016-08-10 00:00:00.005,5267.49835774
2016-08-11 00:00:00.005,5376.86736986
2016-08-12 00:00:00.005,5416.97474585
2016-08-15 00:00:00.005,5404.31554296
2016-08-16 00:00:00.005,5477.83861335
2016-08-17 00:00:00.005,5449.68536671
2016-08-18 00:00:00.005,5518.10506889
2016-08-19 00:00:00.005,5478.54651252
2016-08-22 00:00:00.005,5481.18919261
2016-08-23 00:00:00.005,5391.39500263
2016-08-24 00:00:00.005,5398.44735733
2016-08-25 00:00:00.005,5384.47646167
2016-08-26 00:00:00.005,5405.69793127
2016-08-29 00:00:00.005,5372.69148128
2016-08-30 00:00:00.005,5389.35843814
2016-08-31 00:00:00.005,5393.12415047
2016-09-01 00:00:00.005,5524.15842602
2016-09-02 00:00:00.005,5617.42670997
2016-09-05 00:00:00.005,5696.77623228
2016-09-06 00:00:00.005,5808.0472045
2016-09-07 00:00:00.005,5787.1402083
2016-09-08 00:00:00.005,5834.47181709
2016-09-09 00:00:00.005,5885.72965188
2016-09-12 00:00:00.005,5765.63191749
2016-09-13 00:00:00.005,5799.73553367
2016-09-14 00:00:00.005,5808.8239692
2016-09-19 00:00:00.005,5839.70444084
2016-09-20 00:00:00.005,5881.53022554
2016-09-21 00:00:00.005,5938.44712633
2016-09-22 00:00:00.005,5913.73273038
2016-09-23 00:00:00.005,5817.4175443
2016-09-26 00:00:00.005,5797.36570162
2016-09-27 00:00:00.005,5896.81416541
2016-09-28 00:00:00.005,5910.98610549
2016-09-29 00:00:00.005,5995.48621863
2016-09-30 00:00:00.005,6002.3515807
2016-10-10 00:00:00.005,6178.69638681
2016-10-11 00:00:00.005,6242.56120596
2016-10-12 00:00:00.005,6185.41994347
2016-10-13 00:00:00.005,6135.39201251
2016-10-14 00:00:00.005,6102.83540148
2016-10-17 00:00:00.005,6098.04581952
2016-10-18 00:00:00.005,6208.46848891
2016-10-19 00:00:00.005,6176.89549672
2016-10-20 00:00:00.005,6271.62211536
2016-10-21 00:00:00.005,6147.93652686
2016-10-24 00:00:00.005,6179.3953211
2016-10-25 00:00:00.005,6231.79215011
2016-10-26 00:00:00.005,6203.22361422
2016-10-27 00:00:00.005,6152.99348199
2016-10-28 00:00:00.005,6137.38257808
2016-10-31 00:00:00.005,6159.62883387
2016-11-01 00:00:00.005,6133.55039298
2016-11-02 00:00:00.005,5999.80137005
2016-11-03 00:00:00.005,6094.19923406
2016-11-04 00:00:00.005,6118.94633979
2016-11-07 00:00:00.005,6131.58534152
2016-11-08 00:00:00.005,6104.52347128
2016-11-09 00:00:00.005,6073.61972383
2016-11-10 00:00:00.005,6179.85465751
2016-11-11 00:00:00.005,6216.48553354
2016-11-14 00:00:00.005,6280.63530243
2016-11-15 00:00:00.005,6273.08460534
2016-11-16 00:00:00.005,6365.51203879
2016-11-17 00:00:00.005,6318.71129313
2016-11-18 00:00:00.005,6358.85171228
2016-11-21 00:00:00.005,6453.77102719
2016-11-22 00:00:00.005,6468.75824135
2016-11-23 00:00:00.005,6532.52405322
2016-11-24 00:00:00.005,6510.56570684
2016-11-25 00:00:00.005,6531.44689447
2016-11-28 00:00:00.005,6626.69124874
2016-11-29 00:00:00.005,6662.15855779
2016-11-30 00:00:00.005,6691.16048941
2016-12-01 00:00:00.005,6655.42642932
2016-12-02 00:00:00.005,6616.37577171
2016-12-05 00:00:00.005,6668.1604672
2016-12-06 00:00:00.005,6848.2915363
2016-12-07 00:00:00.005,6736.64513042
2016-12-08 00:00:00.005,6785.81969823
2016-12-09 00:00:00.005,6747.16787245
2016-12-12 00:00:00.005,6594.43866416
2016-12-13 00:00:00.005,6643.48942126
2016-12-14 00:00:00.005,6659.80773457
2016-12-15 00:00:00.005,6554.09907724
2016-12-16 00:00:00.005,6554.50412487
2016-12-19 00:00:00.005,6515.62680759
2016-12-20 00:00:00.005,6346.06908682
2016-12-21 00:00:00.005,6454.6077853
2016-12-22 00:00:00.005,6431.75755135
2016-12-23 00:00:00.005,6387.65097617
2016-12-26 00:00:00.005,
2016-12-27 00:00:00.005,6070.04053935
2016-12-28 00:00:00.005,6087.99421183
2016-12-29 00:00:00.005,6108.27295248
2016-12-30 00:00:00.005,6257.62575375
