,hk_index
2007-01-04 00:00:00.005,7194.119085
2007-01-05 00:00:00.005,7305.269826
2007-01-08 00:00:00.005,7344.412727
2007-01-09 00:00:00.005,7358.15737
2007-01-10 00:00:00.005,7245.999732
2007-01-11 00:00:00.005,7231.229568
2007-01-12 00:00:00.005,7315.587015
2007-01-15 00:00:00.005,7473.635915
2007-01-16 00:00:00.005,7456.339479
2007-01-17 00:00:00.005,7487.42308
2007-01-18 00:00:00.005,7527.312333
2007-01-19 00:00:00.005,7553.580764
2007-01-22 00:00:00.005,7675.636532
2007-01-23 00:00:00.005,7619.578544
2007-01-24 00:00:00.005,7555.683759
2007-01-25 00:00:00.005,7483.682735
2007-01-26 00:00:00.005,7400.418301
2007-01-29 00:00:00.005,7411.637381
2007-01-30 00:00:00.005,7460.333576
2007-01-31 00:00:00.005,7365.68532
2007-02-01 00:00:00.005,7487.536999
2007-02-02 00:00:00.005,7587.828666
2007-02-05 00:00:00.005,7555.796903
2007-02-06 00:00:00.005,7612.260466
2007-02-07 00:00:00.005,7609.740768
2007-02-08 00:00:00.005,7643.264868
2007-02-09 00:00:00.005,7645.081529
2007-02-12 00:00:00.005,7636.635787
2007-02-13 00:00:00.005,7449.770819
2007-02-14 00:00:00.005,7483.260543
2007-02-15 00:00:00.005,7583.857587
2007-02-16 00:00:00.005,7600.695052
2007-02-26 00:00:00.005,7542.551228
2007-02-27 00:00:00.005,7403.114862
2007-02-28 00:00:00.005,7174.95813
2007-03-01 00:00:00.005,7067.140676
2007-03-02 00:00:00.005,7088.546491
2007-03-05 00:00:00.005,6808.104956
2007-03-06 00:00:00.005,6941.876003
2007-03-07 00:00:00.005,6957.673934
2007-03-08 00:00:00.005,7060.264833
2007-03-09 00:00:00.005,7128.100757
2007-03-12 00:00:00.005,7180.722973
2007-03-13 00:00:00.005,7162.190086
2007-03-14 00:00:00.005,6964.735874
2007-03-15 00:00:00.005,7004.581962
2007-03-16 00:00:00.005,6956.598876
2007-03-19 00:00:00.005,7051.074409
2007-03-20 00:00:00.005,7078.638918
2007-03-21 00:00:00.005,7159.469803
2007-03-22 00:00:00.005,7244.217649
2007-03-23 00:00:00.005,7242.688405
2007-03-26 00:00:00.005,7266.624444
2007-03-27 00:00:00.005,7243.14899
2007-03-28 00:00:00.005,7191.026587
2007-03-29 00:00:00.005,7268.575108
2007-03-30 00:00:00.005,7265.493415
2007-04-02 00:00:00.005,7290.091127
2007-04-03 00:00:00.005,7392.92912
2007-04-04 00:00:00.005,7486.649416
2007-04-05 00:00:00.005,7486.649416
2007-04-06 00:00:00.005,7486.649416
2007-04-09 00:00:00.005,7485.308667
2007-04-10 00:00:00.005,7535.921648
2007-04-11 00:00:00.005,7544.964312
2007-04-12 00:00:00.005,7497.571766
2007-04-13 00:00:00.005,7444.19539
2007-04-16 00:00:00.005,7532.824816
2007-04-17 00:00:00.005,7526.378085
2007-04-18 00:00:00.005,7494.767856
2007-04-19 00:00:00.005,7356.028352
2007-04-20 00:00:00.005,7437.559192
2007-04-23 00:00:00.005,7486.502191
2007-04-24 00:00:00.005,7482.429366
2007-04-25 00:00:00.005,7482.787518
2007-04-26 00:00:00.005,7528.93778
2007-04-27 00:00:00.005,7491.643946
2007-04-30 00:00:00.005,7403.456867
2007-05-08 00:00:00.005,7556.697216
2007-05-09 00:00:00.005,7626.088271
2007-05-10 00:00:00.005,7604.271865
2007-05-11 00:00:00.005,7508.510323
2007-05-14 00:00:00.005,7629.761601
2007-05-15 00:00:00.005,7579.006647
2007-05-16 00:00:00.005,7612.996543
2007-05-17 00:00:00.005,7658.041211
2007-05-18 00:00:00.005,7581.626333
2007-05-21 00:00:00.005,7582.395506
2007-05-22 00:00:00.005,7545.238974
2007-05-23 00:00:00.005,7532.580374
2007-05-24 00:00:00.005,7532.339675
2007-05-25 00:00:00.005,7450.662602
2007-05-28 00:00:00.005,7452.075871
2007-05-29 00:00:00.005,7442.663155
2007-05-30 00:00:00.005,7405.273452
2007-05-31 00:00:00.005,7488.085044
2007-06-01 00:00:00.005,7482.870729
2007-06-04 00:00:00.005,7527.985575
2007-06-05 00:00:00.005,7554.717963
2007-06-06 00:00:00.005,7535.153239
2007-06-07 00:00:00.005,7519.703218
2007-06-08 00:00:00.005,7394.084071
2007-06-11 00:00:00.005,7421.946874
2007-06-12 00:00:00.005,7398.376274
2007-06-13 00:00:00.005,7382.343808
2007-06-14 00:00:00.005,7461.347641
2007-06-15 00:00:00.005,7478.816565
2007-06-18 00:00:00.005,7567.177884
2007-06-19 00:00:00.005,7567.371479
2007-06-20 00:00:00.005,7582.313765
2007-06-21 00:00:00.005,7636.636888
2007-06-22 00:00:00.005,7592.899433
2007-06-25 00:00:00.005,7539.800661
2007-06-26 00:00:00.005,7551.434296
2007-06-27 00:00:00.005,7547.327332
2007-06-28 00:00:00.005,7613.679362
2007-06-29 00:00:00.005,7587.482485
2007-07-02 00:00:00.005,7589.763909
2007-07-03 00:00:00.005,7692.975577
2007-07-04 00:00:00.005,7747.332925
2007-07-05 00:00:00.005,7785.751582
2007-07-06 00:00:00.005,7938.429381
2007-07-09 00:00:00.005,8060.423246
2007-07-10 00:00:00.005,8038.372209
2007-07-11 00:00:00.005,7948.610052
2007-07-12 00:00:00.005,7983.942883
2007-07-13 00:00:00.005,8064.404673
2007-07-16 00:00:00.005,8000.66137
2007-07-17 00:00:00.005,8034.973644
2007-07-18 00:00:00.005,7984.274449
2007-07-19 00:00:00.005,8067.525232
2007-07-20 00:00:00.005,8154.886186
2007-07-23 00:00:00.005,8173.606025
2007-07-24 00:00:00.005,8236.441611
2007-07-25 00:00:00.005,8228.244158
2007-07-26 00:00:00.005,8176.927407
2007-07-27 00:00:00.005,7952.187983
2007-07-30 00:00:00.005,7980.769625
2007-07-31 00:00:00.005,8115.945573
2007-08-01 00:00:00.005,7883.532895
2007-08-02 00:00:00.005,7845.340794
2007-08-03 00:00:00.005,7837.870745
2007-08-06 00:00:00.005,7654.800965
2007-08-07 00:00:00.005,7669.699399
2007-08-08 00:00:00.005,7868.895667
2007-08-09 00:00:00.005,7855.313346
2007-08-10 00:00:00.005,7684.962679
2007-08-13 00:00:00.005,7694.629335
2007-08-14 00:00:00.005,7726.289817
2007-08-15 00:00:00.005,7510.212396
2007-08-16 00:00:00.005,7276.164643
2007-08-17 00:00:00.005,7128.265851
2007-08-20 00:00:00.005,7448.533069
2007-08-21 00:00:00.005,7522.527044
2007-08-22 00:00:00.005,7722.00599
2007-08-23 00:00:00.005,7916.339237
2007-08-24 00:00:00.005,7859.71648
2007-08-27 00:00:00.005,8024.882844
2007-08-28 00:00:00.005,7955.553649
2007-08-29 00:00:00.005,7807.607963
2007-08-30 00:00:00.005,7974.8936
2007-08-31 00:00:00.005,8143.709435
2007-09-03 00:00:00.005,8144.549405
2007-09-04 00:00:00.005,8179.631036
2007-09-05 00:00:00.005,8301.353773
2007-09-06 00:00:00.005,8299.214063
2007-09-07 00:00:00.005,8330.040952
2007-09-10 00:00:00.005,8410.403687
2007-09-11 00:00:00.005,8408.057499
2007-09-12 00:00:00.005,8609.575945
2007-09-13 00:00:00.005,8698.830292
2007-09-14 00:00:00.005,8820.929614
2007-09-17 00:00:00.005,8660.911579
2007-09-18 00:00:00.005,8634.882425
2007-09-19 00:00:00.005,8962.490505
2007-09-20 00:00:00.005,8991.612357
2007-09-21 00:00:00.005,9054.076723
2007-09-24 00:00:00.005,9215.966492
2007-09-25 00:00:00.005,9154.097715
2007-09-26 00:00:00.005,9156.395889
2007-09-27 00:00:00.005,9330.143672
2007-09-28 00:00:00.005,9347.88307
2007-10-08 00:00:00.005,9397.514168
2007-10-09 00:00:00.005,9582.509591
2007-10-10 00:00:00.005,9637.531859
2007-10-11 00:00:00.005,9752.569179
2007-10-12 00:00:00.005,9692.080332
2007-10-15 00:00:00.005,9747.843974
2007-10-16 00:00:00.005,9534.012649
2007-10-17 00:00:00.005,9597.570185
2007-10-18 00:00:00.005,9658.586011
2007-10-19 00:00:00.005,9658.399087
2007-10-22 00:00:00.005,9379.077013
2007-10-23 00:00:00.005,9582.654428
2007-10-24 00:00:00.005,9584.751795
2007-10-25 00:00:00.005,9824.955749
2007-10-26 00:00:00.005,10157.489824
2007-10-29 00:00:00.005,10589.511576
2007-10-30 00:00:00.005,10492.181328
2007-10-31 00:00:00.005,10362.911147
2007-11-01 00:00:00.005,10415.731427
2007-11-02 00:00:00.005,10083.887296
2007-11-05 00:00:00.005,9700.338541
2007-11-06 00:00:00.005,9945.872288
2007-11-07 00:00:00.005,10081.840057
2007-11-08 00:00:00.005,9848.273308
2007-11-09 00:00:00.005,9871.892415
2007-11-12 00:00:00.005,9644.925938
2007-11-13 00:00:00.005,9699.368189
2007-11-14 00:00:00.005,9988.812957
2007-11-15 00:00:00.005,9858.301286
2007-11-16 00:00:00.005,9503.380954
2007-11-19 00:00:00.005,9516.897303
2007-11-20 00:00:00.005,9512.972698
2007-11-21 00:00:00.005,9176.027637
2007-11-22 00:00:00.005,8953.972472
2007-11-23 00:00:00.005,9094.697626
2007-11-26 00:00:00.005,9435.395729
2007-11-27 00:00:00.005,9341.650955
2007-11-28 00:00:00.005,9465.295223
2007-11-29 00:00:00.005,9867.112808
2007-11-30 00:00:00.005,9948.666802
2007-12-03 00:00:00.005,10018.162428
2007-12-04 00:00:00.005,10082.208232
2007-12-05 00:00:00.005,10204.507567
2007-12-06 00:00:00.005,10255.400635
2007-12-07 00:00:00.005,9923.713042
2007-12-10 00:00:00.005,9909.798902
2007-12-11 00:00:00.005,10193.507675
2007-12-12 00:00:00.005,9958.343767
2007-12-13 00:00:00.005,9771.85103
2007-12-14 00:00:00.005,9755.042615
2007-12-17 00:00:00.005,9332.177812
2007-12-18 00:00:00.005,9368.761327
2007-12-19 00:00:00.005,9504.26246
2007-12-20 00:00:00.005,9510.437499
2007-12-21 00:00:00.005,9790.364113
2007-12-24 00:00:00.005,9924.823175
2007-12-25 00:00:00.005,9924.823175
2007-12-26 00:00:00.005,9921.454519
2007-12-27 00:00:00.005,9840.168446
2007-12-28 00:00:00.005,9729.380731
2008-01-02 00:00:00.005,9910.690423
2008-01-03 00:00:00.005,9759.359097
2008-01-04 00:00:00.005,9977.256646
2008-01-07 00:00:00.005,9950.313057
2008-01-08 00:00:00.005,9852.622359
2008-01-09 00:00:00.005,9973.654057
2008-01-10 00:00:00.005,9795.787792
2008-01-11 00:00:00.005,9672.073474
2008-01-14 00:00:00.005,9577.540336
2008-01-15 00:00:00.005,9422.573867
2008-01-16 00:00:00.005,8986.106193
2008-01-17 00:00:00.005,9105.046374
2008-01-18 00:00:00.005,9130.334711
2008-01-21 00:00:00.005,8689.635393
2008-01-22 00:00:00.005,8134.356033
2008-01-23 00:00:00.005,8760.726766
2008-01-24 00:00:00.005,8610.51257
2008-01-25 00:00:00.005,9114.306485
2008-01-28 00:00:00.005,8784.967175
2008-01-29 00:00:00.005,8914.109199
2008-01-30 00:00:00.005,8768.950705
2008-01-31 00:00:00.005,8806.052707
2008-02-01 00:00:00.005,8773.389541
2008-02-04 00:00:00.005,8973.448866
2008-02-05 00:00:00.005,8883.996876
2008-02-13 00:00:00.005,8387.884969
2008-02-14 00:00:00.005,8643.9655
2008-02-15 00:00:00.005,8658.696009
2008-02-18 00:00:00.005,8564.929827
2008-02-19 00:00:00.005,8610.967908
2008-02-20 00:00:00.005,8454.614008
2008-02-21 00:00:00.005,8402.536621
2008-02-22 00:00:00.005,8264.504113
2008-02-25 00:00:00.005,8240.995493
2008-02-26 00:00:00.005,8417.251754
2008-02-27 00:00:00.005,8615.788999
2008-02-28 00:00:00.005,8685.027553
2008-02-29 00:00:00.005,8608.129737
2008-03-03 00:00:00.005,8391.510803
2008-03-04 00:00:00.005,8260.650168
2008-03-05 00:00:00.005,8238.071878
2008-03-06 00:00:00.005,8267.398591
2008-03-07 00:00:00.005,7995.498518
2008-03-10 00:00:00.005,7987.86412
2008-03-11 00:00:00.005,8109.45806
2008-03-12 00:00:00.005,8205.311409
2008-03-13 00:00:00.005,7896.522684
2008-03-14 00:00:00.005,7856.811474
2008-03-17 00:00:00.005,7521.976811
2008-03-18 00:00:00.005,7574.208532
2008-03-19 00:00:00.005,7709.675763
2008-03-20 00:00:00.005,7510.950755
2008-03-21 00:00:00.005,7510.950755
2008-03-24 00:00:00.005,7509.454184
2008-03-25 00:00:00.005,7903.116455
2008-03-26 00:00:00.005,7962.179031
2008-03-27 00:00:00.005,7988.931256
2008-03-28 00:00:00.005,8132.989423
2008-03-31 00:00:00.005,8054.670942
2008-04-01 00:00:00.005,8072.285856
2008-04-02 00:00:00.005,8278.702795
2008-04-03 00:00:00.005,8390.105557
2008-04-07 00:00:00.005,8405.252764
2008-04-08 00:00:00.005,8380.326598
2008-04-09 00:00:00.005,8257.241502
2008-04-10 00:00:00.005,8261.959086
2008-04-11 00:00:00.005,8345.32012
2008-04-14 00:00:00.005,8138.356232
2008-04-15 00:00:00.005,8152.509248
2008-04-16 00:00:00.005,8138.130785
2008-04-17 00:00:00.005,8232.418457
2008-04-18 00:00:00.005,8226.011099
2008-04-21 00:00:00.005,8393.668492
2008-04-22 00:00:00.005,8469.060924
2008-04-23 00:00:00.005,8510.75306
2008-04-24 00:00:00.005,8604.824431
2008-04-25 00:00:00.005,8589.332158
2008-04-28 00:00:00.005,8634.544444
2008-04-29 00:00:00.005,8713.35986
2008-04-30 00:00:00.005,8663.653083
2008-05-05 00:00:00.005,8881.402167
2008-05-06 00:00:00.005,8905.256742
2008-05-07 00:00:00.005,8725.099389
2008-05-08 00:00:00.005,8687.743975
2008-05-09 00:00:00.005,8573.192939
2008-05-12 00:00:00.005,8573.852728
2008-05-13 00:00:00.005,8695.50157
2008-05-14 00:00:00.005,8696.551897
2008-05-15 00:00:00.005,8743.026074
2008-05-16 00:00:00.005,8721.862042
2008-05-19 00:00:00.005,8713.900101
2008-05-20 00:00:00.005,8546.635699
2008-05-21 00:00:00.005,8610.168865
2008-05-22 00:00:00.005,8485.945695
2008-05-23 00:00:00.005,8470.175783
2008-05-26 00:00:00.005,8417.240891
2008-05-27 00:00:00.005,8434.205697
2008-05-28 00:00:00.005,8461.469223
2008-05-29 00:00:00.005,8512.834541
2008-05-30 00:00:00.005,8556.12416
2008-06-02 00:00:00.005,8554.868725
2008-06-03 00:00:00.005,8487.173142
2008-06-04 00:00:00.005,8458.618207
2008-06-05 00:00:00.005,8520.098105
2008-06-06 00:00:00.005,8526.832914
2008-06-10 00:00:00.005,8220.348585
2008-06-11 00:00:00.005,8202.382714
2008-06-12 00:00:00.005,8071.187226
2008-06-13 00:00:00.005,7950.461059
2008-06-16 00:00:00.005,8071.580423
2008-06-17 00:00:00.005,8071.454121
2008-06-18 00:00:00.005,8111.189149
2008-06-19 00:00:00.005,7940.120852
2008-06-20 00:00:00.005,7947.28323
2008-06-23 00:00:00.005,7913.765478
2008-06-24 00:00:00.005,7818.465203
2008-06-25 00:00:00.005,7821.583473
2008-06-26 00:00:00.005,7773.976796
2008-06-27 00:00:00.005,7634.139604
2008-06-30 00:00:00.005,7639.051164
2008-07-01 00:00:00.005,7637.826753
2008-07-02 00:00:00.005,7495.557061
2008-07-03 00:00:00.005,7361.087931
2008-07-04 00:00:00.005,7402.637401
2008-07-07 00:00:00.005,7538.806784
2008-07-08 00:00:00.005,7300.56
2008-07-09 00:00:00.005,7386.699005
2008-07-10 00:00:00.005,7377.530258
2008-07-11 00:00:00.005,7487.692079
2008-07-14 00:00:00.005,7417.792791
2008-07-15 00:00:00.005,7156.045596
2008-07-16 00:00:00.005,7182.883986
2008-07-17 00:00:00.005,7267.202457
2008-07-18 00:00:00.005,7313.742909
2008-07-21 00:00:00.005,7522.00658
2008-07-22 00:00:00.005,7506.755069
2008-07-23 00:00:00.005,7644.648455
2008-07-24 00:00:00.005,7643.996282
2008-07-25 00:00:00.005,7594.091136
2008-07-28 00:00:00.005,7585.738606
2008-07-29 00:00:00.005,7424.729261
2008-07-30 00:00:00.005,7517.661067
2008-07-31 00:00:00.005,7525.60991
2008-08-01 00:00:00.005,7547.049966
2008-08-04 00:00:00.005,7430.884196
2008-08-05 00:00:00.005,7249.039264
2008-08-06 00:00:00.005,7249.085703
2008-08-07 00:00:00.005,7285.682458
2008-08-08 00:00:00.005,7286.792956
2008-08-11 00:00:00.005,7331.804381
2008-08-12 00:00:00.005,7375.20309
2008-08-13 00:00:00.005,7314.348654
2008-08-14 00:00:00.005,7287.135941
2008-08-15 00:00:00.005,7209.827035
2008-08-18 00:00:00.005,7097.984831
2008-08-19 00:00:00.005,6899.80677
2008-08-20 00:00:00.005,7022.467446
2008-08-21 00:00:00.005,6842.58357
2008-08-22 00:00:00.005,6842.715046
2008-08-25 00:00:00.005,7051.744557
2008-08-26 00:00:00.005,7054.809972
2008-08-27 00:00:00.005,7139.413479
2008-08-28 00:00:00.005,7004.026894
2008-08-29 00:00:00.005,7102.024839
2008-09-01 00:00:00.005,6962.174616
2008-09-02 00:00:00.005,7016.665387
2008-09-03 00:00:00.005,6924.954494
2008-09-04 00:00:00.005,6849.059385
2008-09-05 00:00:00.005,6714.230251
2008-09-08 00:00:00.005,6950.918647
2008-09-09 00:00:00.005,6878.782815
2008-09-10 00:00:00.005,6740.326594
2008-09-11 00:00:00.005,6600.539025
2008-09-12 00:00:00.005,6644.275057
2008-09-16 00:00:00.005,6403.46246
2008-09-17 00:00:00.005,6258.19468
2008-09-18 00:00:00.005,6126.538644
2008-09-19 00:00:00.005,6387.112588
2008-09-22 00:00:00.005,6420.272252
2008-09-23 00:00:00.005,6176.27589
2008-09-24 00:00:00.005,6151.233959
2008-09-25 00:00:00.005,6151.467003
2008-09-26 00:00:00.005,6062.181481
2008-10-06 00:00:00.005,5385.54856
2008-10-07 00:00:00.005,5383.469906
2008-10-08 00:00:00.005,4985.62451
2008-10-09 00:00:00.005,5113.732461
2008-10-10 00:00:00.005,4721.932384
2008-10-13 00:00:00.005,5123.610222
2008-10-14 00:00:00.005,5296.450949
2008-10-15 00:00:00.005,5075.437085
2008-10-16 00:00:00.005,4858.049031
2008-10-17 00:00:00.005,4706.626505
2008-10-20 00:00:00.005,4922.208383
2008-10-21 00:00:00.005,4876.52736
2008-10-22 00:00:00.005,4693.869624
2008-10-23 00:00:00.005,4539.279425
2008-10-24 00:00:00.005,4304.362096
2008-10-27 00:00:00.005,3796.047613
2008-10-28 00:00:00.005,4214.141874
2008-10-29 00:00:00.005,4328.569792
2008-10-30 00:00:00.005,4727.449303
2008-10-31 00:00:00.005,4586.708924
2008-11-03 00:00:00.005,4755.391141
2008-11-04 00:00:00.005,4756.436944
2008-11-05 00:00:00.005,4915.760079
2008-11-06 00:00:00.005,4695.63995
2008-11-07 00:00:00.005,4862.86416
2008-11-10 00:00:00.005,4837.951707
2008-11-11 00:00:00.005,4573.194288
2008-11-12 00:00:00.005,4545.324996
2008-11-13 00:00:00.005,4313.134973
2008-11-14 00:00:00.005,4377.788082
2008-11-17 00:00:00.005,4377.120283
2008-11-18 00:00:00.005,4184.695558
2008-11-19 00:00:00.005,4162.564107
2008-11-20 00:00:00.005,4012.842613
2008-11-21 00:00:00.005,4104.74391
2008-11-24 00:00:00.005,4048.982995
2008-11-25 00:00:00.005,4206.933663
2008-11-26 00:00:00.005,4333.477386
2008-11-27 00:00:00.005,4358.521102
2008-11-28 00:00:00.005,4528.422752
2008-12-01 00:00:00.005,4537.887747
2008-12-02 00:00:00.005,4339.282229
2008-12-03 00:00:00.005,4309.788476
2008-12-04 00:00:00.005,4261.50929
2008-12-05 00:00:00.005,4334.215995
2008-12-08 00:00:00.005,4685.495255
2008-12-09 00:00:00.005,4633.22994
2008-12-10 00:00:00.005,4857.222049
2008-12-11 00:00:00.005,4909.396706
2008-12-12 00:00:00.005,4686.406937
2008-12-15 00:00:00.005,4799.096934
2008-12-16 00:00:00.005,4798.164603
2008-12-17 00:00:00.005,4823.73328
2008-12-18 00:00:00.005,4884.514361
2008-12-19 00:00:00.005,4808.203925
2008-12-22 00:00:00.005,4713.84625
2008-12-23 00:00:00.005,4624.172413
2008-12-24 00:00:00.005,4647.190254
2008-12-25 00:00:00.005,4647.190254
2008-12-26 00:00:00.005,4647.430098
2008-12-29 00:00:00.005,4692.282164
2008-12-30 00:00:00.005,4633.68112
2008-12-31 00:00:00.005,4696.899996
2009-01-05 00:00:00.005,4943.877148
2009-01-06 00:00:00.005,5016.324346
2009-01-07 00:00:00.005,4998.238236
2009-01-08 00:00:00.005,4859.627985
2009-01-09 00:00:00.005,4842.443754
2009-01-12 00:00:00.005,4774.746024
2009-01-13 00:00:00.005,4683.243769
2009-01-14 00:00:00.005,4683.328787
2009-01-15 00:00:00.005,4528.194294
2009-01-16 00:00:00.005,4562.729876
2009-01-19 00:00:00.005,4621.931082
2009-01-20 00:00:00.005,4542.680718
2009-01-21 00:00:00.005,4451.545324
2009-01-22 00:00:00.005,4465.155666
2009-01-23 00:00:00.005,4457.75589
2009-02-02 00:00:00.005,4570.71977
2009-02-03 00:00:00.005,4474.304573
2009-02-04 00:00:00.005,4512.037888
2009-02-05 00:00:00.005,4453.041649
2009-02-06 00:00:00.005,4551.148563
2009-02-09 00:00:00.005,4589.446403
2009-02-10 00:00:00.005,4587.367768
2009-02-11 00:00:00.005,4525.19846
2009-02-12 00:00:00.005,4468.813102
2009-02-13 00:00:00.005,4529.766477
2009-02-16 00:00:00.005,4518.455361
2009-02-17 00:00:00.005,4432.482643
2009-02-18 00:00:00.005,4478.50343
2009-02-19 00:00:00.005,4481.184817
2009-02-20 00:00:00.005,4389.797144
2009-02-23 00:00:00.005,4547.315095
2009-02-24 00:00:00.005,4441.693447
2009-02-25 00:00:00.005,4497.154729
2009-02-26 00:00:00.005,4473.393474
2009-02-27 00:00:00.005,4491.329573
2009-03-02 00:00:00.005,4312.442032
2009-03-03 00:00:00.005,4280.711475
2009-03-04 00:00:00.005,4365.353055
2009-03-05 00:00:00.005,4282.4433
2009-03-06 00:00:00.005,4166.864276
2009-03-09 00:00:00.005,4065.001727
2009-03-10 00:00:00.005,4109.594865
2009-03-11 00:00:00.005,4196.059548
2009-03-12 00:00:00.005,4212.35793
2009-03-13 00:00:00.005,4362.822527
2009-03-16 00:00:00.005,4477.382198
2009-03-17 00:00:00.005,4451.635766
2009-03-18 00:00:00.005,4492.83772
2009-03-19 00:00:00.005,4548.906103
2009-03-20 00:00:00.005,4487.652306
2009-03-23 00:00:00.005,4713.385623
2009-03-24 00:00:00.005,4849.090536
2009-03-25 00:00:00.005,4757.748731
2009-03-26 00:00:00.005,4832.066132
2009-03-27 00:00:00.005,4812.994979
2009-03-30 00:00:00.005,4657.336502
2009-03-31 00:00:00.005,4653.206434
2009-04-01 00:00:00.005,4654.856844
2009-04-02 00:00:00.005,4955.641395
2009-04-03 00:00:00.005,5000.603444
2009-04-07 00:00:00.005,5113.8542
2009-04-08 00:00:00.005,5015.202209
2009-04-09 00:00:00.005,5093.331132
2009-04-10 00:00:00.005,5093.331132
2009-04-13 00:00:00.005,5093.199699
2009-04-14 00:00:00.005,5277.078343
2009-04-15 00:00:00.005,5267.455359
2009-04-16 00:00:00.005,5230.87659
2009-04-17 00:00:00.005,5282.619928
2009-04-20 00:00:00.005,5352.090487
2009-04-21 00:00:00.005,5256.240878
2009-04-22 00:00:00.005,5172.738244
2009-04-23 00:00:00.005,5285.797641
2009-04-24 00:00:00.005,5319.624922
2009-04-27 00:00:00.005,5176.710929
2009-04-28 00:00:00.005,5054.345279
2009-04-29 00:00:00.005,5183.569809
2009-04-30 00:00:00.005,5414.126524
2009-05-04 00:00:00.005,5644.835435
2009-05-05 00:00:00.005,5653.528622
2009-05-06 00:00:00.005,5803.604342
2009-05-07 00:00:00.005,5864.69306
2009-05-08 00:00:00.005,5853.069405
2009-05-11 00:00:00.005,5755.590346
2009-05-12 00:00:00.005,5734.028366
2009-05-13 00:00:00.005,5793.826473
2009-05-14 00:00:00.005,5617.087653
2009-05-15 00:00:00.005,5689.909672
2009-05-18 00:00:00.005,5823.689791
2009-05-19 00:00:00.005,5932.620295
2009-05-20 00:00:00.005,5902.726808
2009-05-21 00:00:00.005,5808.510667
2009-05-22 00:00:00.005,5805.382153
2009-05-25 00:00:00.005,5936.568904
2009-05-26 00:00:00.005,5967.974821
2009-05-27 00:00:00.005,6216.774218
2009-06-01 00:00:00.005,6496.921462
2009-06-02 00:00:00.005,6387.866686
2009-06-03 00:00:00.005,6543.608536
2009-06-04 00:00:00.005,6514.004681
2009-06-05 00:00:00.005,6596.433641
2009-06-08 00:00:00.005,6408.08376
2009-06-09 00:00:00.005,6313.123171
2009-06-10 00:00:00.005,6467.759711
2009-06-11 00:00:00.005,6385.832163
2009-06-12 00:00:00.005,6387.589241
2009-06-15 00:00:00.005,6272.895342
2009-06-16 00:00:00.005,6138.840886
2009-06-17 00:00:00.005,6103.195345
2009-06-18 00:00:00.005,6059.472702
2009-06-19 00:00:00.005,6095.433226
2009-06-22 00:00:00.005,6127.485758
2009-06-23 00:00:00.005,5992.749196
2009-06-24 00:00:00.005,6100.59674
2009-06-25 00:00:00.005,6251.117302
2009-06-26 00:00:00.005,6384.833444
2009-06-29 00:00:00.005,6347.782255
2009-06-30 00:00:00.005,6226.280399
2009-07-01 00:00:00.005,6226.24023
2009-07-02 00:00:00.005,6165.8843
2009-07-03 00:00:00.005,6165.099284
2009-07-06 00:00:00.005,6135.704676
2009-07-07 00:00:00.005,6112.715744
2009-07-08 00:00:00.005,6052.348267
2009-07-09 00:00:00.005,6054.293907
2009-07-10 00:00:00.005,6055.40814
2009-07-13 00:00:00.005,5947.851618
2009-07-14 00:00:00.005,6127.825533
2009-07-15 00:00:00.005,6292.058806
2009-07-16 00:00:00.005,6299.20534
2009-07-17 00:00:00.005,6449.206727
2009-07-20 00:00:00.005,6659.602727
2009-07-21 00:00:00.005,6701.623075
2009-07-22 00:00:00.005,6654.127434
2009-07-23 00:00:00.005,6840.404559
2009-07-24 00:00:00.005,6825.56071
2009-07-27 00:00:00.005,6923.859523
2009-07-28 00:00:00.005,7031.655159
2009-07-29 00:00:00.005,6880.310812
2009-07-30 00:00:00.005,6959.576819
2009-07-31 00:00:00.005,7082.752657
2009-08-03 00:00:00.005,7130.777586
2009-08-04 00:00:00.005,7065.094386
2009-08-05 00:00:00.005,6945.461176
2009-08-06 00:00:00.005,6972.303242
2009-08-07 00:00:00.005,6787.0418
2009-08-10 00:00:00.005,6921.902683
2009-08-11 00:00:00.005,7005.500482
2009-08-12 00:00:00.005,6868.574378
2009-08-13 00:00:00.005,6936.881896
2009-08-14 00:00:00.005,6962.785101
2009-08-17 00:00:00.005,6759.583735
2009-08-18 00:00:00.005,6798.406935
2009-08-19 00:00:00.005,6709.232096
2009-08-20 00:00:00.005,6866.576821
2009-08-21 00:00:00.005,6861.862914
2009-08-24 00:00:00.005,6943.408954
2009-08-25 00:00:00.005,6891.550348
2009-08-26 00:00:00.005,6879.557113
2009-08-27 00:00:00.005,6806.348271
2009-08-28 00:00:00.005,6775.245181
2009-08-31 00:00:00.005,6569.067533
2009-09-01 00:00:00.005,6618.132062
2009-09-02 00:00:00.005,6530.298252
2009-09-03 00:00:00.005,6610.156125
2009-09-04 00:00:00.005,6774.647986
2009-09-07 00:00:00.005,6846.627668
2009-09-08 00:00:00.005,6961.408033
2009-09-09 00:00:00.005,6949.987215
2009-09-10 00:00:00.005,7016.158664
2009-09-11 00:00:00.005,7032.195389
2009-09-14 00:00:00.005,6959.529147
2009-09-15 00:00:00.005,6926.302436
2009-09-16 00:00:00.005,7054.675294
2009-09-17 00:00:00.005,7164.796949
2009-09-18 00:00:00.005,7063.740866
2009-09-21 00:00:00.005,7056.738209
2009-09-22 00:00:00.005,7143.132471
2009-09-23 00:00:00.005,7122.439264
2009-09-24 00:00:00.005,6998.03703
2009-09-25 00:00:00.005,6995.539584
2009-09-28 00:00:00.005,6888.170078
2009-09-29 00:00:00.005,7013.075687
2009-09-30 00:00:00.005,7079.199643
2009-10-09 00:00:00.005,7162.166557
2009-10-12 00:00:00.005,7104.162653
2009-10-13 00:00:00.005,7129.037542
2009-10-14 00:00:00.005,7231.930718
2009-10-15 00:00:00.005,7238.971507
2009-10-16 00:00:00.005,7226.668936
2009-10-19 00:00:00.005,7299.336783
2009-10-20 00:00:00.005,7458.439013
2009-10-21 00:00:00.005,7477.660916
2009-10-22 00:00:00.005,7414.430862
2009-10-23 00:00:00.005,7446.910162
2009-10-26 00:00:00.005,7446.910162
2009-10-27 00:00:00.005,7312.082275
2009-10-28 00:00:00.005,7216.157114
2009-10-29 00:00:00.005,7079.82966
2009-10-30 00:00:00.005,7259.64451
2009-11-02 00:00:00.005,7173.862153
2009-11-03 00:00:00.005,7079.696413
2009-11-04 00:00:00.005,7165.174508
2009-11-05 00:00:00.005,7098.973924
2009-11-06 00:00:00.005,7184.31399
2009-11-09 00:00:00.005,7269.197479
2009-11-10 00:00:00.005,7268.004363
2009-11-11 00:00:00.005,7296.71835
2009-11-12 00:00:00.005,7278.308374
2009-11-13 00:00:00.005,7269.732766
2009-11-16 00:00:00.005,7363.330648
2009-11-17 00:00:00.005,7326.701543
2009-11-18 00:00:00.005,7282.885769
2009-11-19 00:00:00.005,7283.900215
2009-11-20 00:00:00.005,7222.426428
2009-11-23 00:00:00.005,7273.177382
2009-11-24 00:00:00.005,7208.837366
2009-11-25 00:00:00.005,7285.197046
2009-11-26 00:00:00.005,7214.185185
2009-11-27 00:00:00.005,6974.240879
2009-11-30 00:00:00.005,7144.719552
2009-12-01 00:00:00.005,7250.179265
2009-12-02 00:00:00.005,7290.8537
2009-12-03 00:00:00.005,7415.927834
2009-12-04 00:00:00.005,7389.185075
2009-12-07 00:00:00.005,7368.871258
2009-12-08 00:00:00.005,7335.39398
2009-12-09 00:00:00.005,7271.756097
2009-12-10 00:00:00.005,7271.234581
2009-12-11 00:00:00.005,7317.648887
2009-12-14 00:00:00.005,7346.374426
2009-12-15 00:00:00.005,7277.049886
2009-12-16 00:00:00.005,7220.611717
2009-12-17 00:00:00.005,7107.932524
2009-12-18 00:00:00.005,7073.128632
2009-12-21 00:00:00.005,7012.265554
2009-12-22 00:00:00.005,7038.120038
2009-12-23 00:00:00.005,7126.00645
2009-12-24 00:00:00.005,7158.18753
2009-12-25 00:00:00.005,7158.18753
2009-12-28 00:00:00.005,7146.988841
2009-12-29 00:00:00.005,7190.017171
2009-12-30 00:00:00.005,7219.108472
2009-12-31 00:00:00.005,7289.788214
2010-01-04 00:00:00.005,7311.687092
2010-01-05 00:00:00.005,7435.844786
2010-01-06 00:00:00.005,7462.792414
2010-01-07 00:00:00.005,7462.910639
2010-01-08 00:00:00.005,7469.463871
2010-01-11 00:00:00.005,7505.954663
2010-01-12 00:00:00.005,7521.402813
2010-01-13 00:00:00.005,7329.910763
2010-01-14 00:00:00.005,7322.240558
2010-01-15 00:00:00.005,7284.166971
2010-01-18 00:00:00.005,7259.55506
2010-01-19 00:00:00.005,7291.694684
2010-01-20 00:00:00.005,7199.973367
2010-01-21 00:00:00.005,7048.521017
2010-01-22 00:00:00.005,6977.089274
2010-01-25 00:00:00.005,6988.652265
2010-01-26 00:00:00.005,6863.893189
2010-01-27 00:00:00.005,6791.654646
2010-01-28 00:00:00.005,6847.341609
2010-01-29 00:00:00.005,6809.73577
2010-02-01 00:00:00.005,6859.696635
2010-02-02 00:00:00.005,6890.384557
2010-02-03 00:00:00.005,6991.489082
2010-02-04 00:00:00.005,6912.321937
2010-02-05 00:00:00.005,6718.728568
2010-02-08 00:00:00.005,6714.783886
2010-02-09 00:00:00.005,6808.219369
2010-02-10 00:00:00.005,6831.685019
2010-02-11 00:00:00.005,6919.948904
2010-02-12 00:00:00.005,6968.007897
2010-02-22 00:00:00.005,6968.237182
2010-02-23 00:00:00.005,7055.885748
2010-02-24 00:00:00.005,7046.610519
2010-02-25 00:00:00.005,7025.786774
2010-02-26 00:00:00.005,7071.283185
2010-03-01 00:00:00.005,7186.374755
2010-03-02 00:00:00.005,7193.985678
2010-03-03 00:00:00.005,7157.58424
2010-03-04 00:00:00.005,7135.146989
2010-03-05 00:00:00.005,7197.923802
2010-03-08 00:00:00.005,7344.146886
2010-03-09 00:00:00.005,7346.626662
2010-03-10 00:00:00.005,7344.038783
2010-03-11 00:00:00.005,7365.402307
2010-03-12 00:00:00.005,7361.544655
2010-03-15 00:00:00.005,7353.107307
2010-03-16 00:00:00.005,7334.973893
2010-03-17 00:00:00.005,7481.119867
2010-03-18 00:00:00.005,7471.081606
2010-03-19 00:00:00.005,7518.945263
2010-03-22 00:00:00.005,7384.964904
2010-03-23 00:00:00.005,7412.557494
2010-03-24 00:00:00.005,7439.843502
2010-03-25 00:00:00.005,7372.205219
2010-03-26 00:00:00.005,7486.69621
2010-03-29 00:00:00.005,7531.72357
2010-03-30 00:00:00.005,7540.427859
2010-03-31 00:00:00.005,7442.688299
2010-04-01 00:00:00.005,7536.889362
2010-04-02 00:00:00.005,7536.889362
2010-04-06 00:00:00.005,7538.587843
2010-04-07 00:00:00.005,7628.516469
2010-04-08 00:00:00.005,7599.2402
2010-04-09 00:00:00.005,7678.775004
2010-04-12 00:00:00.005,7652.19058
2010-04-13 00:00:00.005,7663.389722
2010-04-14 00:00:00.005,7676.833086
2010-04-15 00:00:00.005,7643.893936
2010-04-16 00:00:00.005,7536.569553
2010-04-19 00:00:00.005,7439.09413
2010-04-20 00:00:00.005,7443.279936
2010-04-21 00:00:00.005,7464.994862
2010-04-22 00:00:00.005,7422.036083
2010-04-23 00:00:00.005,7348.501468
2010-04-26 00:00:00.005,7457.754268
2010-04-27 00:00:00.005,7356.291237
2010-04-28 00:00:00.005,7269.42024
2010-04-29 00:00:00.005,7216.250368
2010-04-30 00:00:00.005,7229.885351
2010-05-04 00:00:00.005,7152.661254
2010-05-05 00:00:00.005,7031.624759
2010-05-06 00:00:00.005,6930.140912
2010-05-07 00:00:00.005,6889.082925
2010-05-10 00:00:00.005,6954.494148
2010-05-11 00:00:00.005,6880.471461
2010-05-12 00:00:00.005,6898.377214
2010-05-13 00:00:00.005,6982.48071
2010-05-14 00:00:00.005,6906.460315
2010-05-17 00:00:00.005,6773.883728
2010-05-18 00:00:00.005,6783.72992
2010-05-19 00:00:00.005,6713.587222
2010-05-20 00:00:00.005,6659.223496
2010-05-21 00:00:00.005,6658.242159
2010-05-24 00:00:00.005,6697.551932
2010-05-25 00:00:00.005,6503.216376
2010-05-26 00:00:00.005,6491.499248
2010-05-27 00:00:00.005,6635.483615
2010-05-28 00:00:00.005,6721.032654
2010-05-31 00:00:00.005,6715.896193
2010-06-01 00:00:00.005,6654.593778
2010-06-02 00:00:00.005,6635.963759
2010-06-03 00:00:00.005,6726.48721
2010-06-04 00:00:00.005,6722.452119
2010-06-07 00:00:00.005,6615.423347
2010-06-08 00:00:00.005,6654.570585
2010-06-09 00:00:00.005,6691.497167
2010-06-10 00:00:00.005,6684.765371
2010-06-11 00:00:00.005,6785.352141
2010-06-17 00:00:00.005,6899.646371
2010-06-18 00:00:00.005,6932.953806
2010-06-21 00:00:00.005,7127.264969
2010-06-22 00:00:00.005,7106.629319
2010-06-23 00:00:00.005,7117.221027
2010-06-24 00:00:00.005,7116.129546
2010-06-25 00:00:00.005,7100.380827
2010-06-28 00:00:00.005,7094.391281
2010-06-29 00:00:00.005,6962.246554
2010-06-30 00:00:00.005,6908.717496
2010-07-01 00:00:00.005,6901.317356
2010-07-02 00:00:00.005,6875.149102
2010-07-05 00:00:00.005,6881.319678
2010-07-06 00:00:00.005,6931.010731
2010-07-07 00:00:00.005,6889.22419
2010-07-08 00:00:00.005,6939.026536
2010-07-09 00:00:00.005,7060.862363
2010-07-12 00:00:00.005,7074.16285
2010-07-13 00:00:00.005,7050.698058
2010-07-14 00:00:00.005,7127.597821
2010-07-15 00:00:00.005,7062.53423
2010-07-16 00:00:00.005,7055.728421
2010-07-19 00:00:00.005,6993.58344
2010-07-20 00:00:00.005,7059.770699
2010-07-21 00:00:00.005,7059.236443
2010-07-22 00:00:00.005,7124.847411
2010-07-23 00:00:00.005,7228.471865
2010-07-26 00:00:00.005,7268.928876
2010-07-27 00:00:00.005,7274.508634
2010-07-28 00:00:00.005,7263.568664
2010-07-29 00:00:00.005,7314.393561
2010-07-30 00:00:00.005,7309.984825
2010-08-02 00:00:00.005,7422.79508
2010-08-03 00:00:00.005,7452.738967
2010-08-04 00:00:00.005,7494.956757
2010-08-05 00:00:00.005,7473.745055
2010-08-06 00:00:00.005,7571.027428
2010-08-09 00:00:00.005,7632.621486
2010-08-10 00:00:00.005,7560.402214
2010-08-11 00:00:00.005,7563.901506
2010-08-12 00:00:00.005,7504.730487
2010-08-13 00:00:00.005,7502.215068
2010-08-16 00:00:00.005,7433.169382
2010-08-17 00:00:00.005,7436.855097
2010-08-18 00:00:00.005,7440.136915
2010-08-19 00:00:00.005,7468.156714
2010-08-20 00:00:00.005,7425.333483
2010-08-23 00:00:00.005,7425.093459
2010-08-24 00:00:00.005,7377.12185
2010-08-25 00:00:00.005,7372.777037
2010-08-26 00:00:00.005,7367.173065
2010-08-27 00:00:00.005,7368.128566
2010-08-30 00:00:00.005,7385.891024
2010-08-31 00:00:00.005,7364.077425
2010-09-01 00:00:00.005,7420.226219
2010-09-02 00:00:00.005,7487.116935
2010-09-03 00:00:00.005,7502.795534
2010-09-06 00:00:00.005,7671.665494
2010-09-07 00:00:00.005,7704.393151
2010-09-08 00:00:00.005,7629.49511
2010-09-09 00:00:00.005,7678.134272
2010-09-10 00:00:00.005,7722.208214
2010-09-13 00:00:00.005,7821.184177
2010-09-14 00:00:00.005,7812.44103
2010-09-15 00:00:00.005,7871.487934
2010-09-16 00:00:00.005,7866.701636
2010-09-17 00:00:00.005,7981.906101
2010-09-20 00:00:00.005,8035.25323
2010-09-21 00:00:00.005,8050.178702
2010-09-27 00:00:00.005,8282.585622
2010-09-28 00:00:00.005,8202.395487
2010-09-29 00:00:00.005,8299.811035
2010-09-30 00:00:00.005,8364.47892
2010-10-08 00:00:00.005,8593.58016
2010-10-11 00:00:00.005,8683.113159
2010-10-12 00:00:00.005,8655.357959
2010-10-13 00:00:00.005,8705.330367
2010-10-14 00:00:00.005,8766.046565
2010-10-15 00:00:00.005,8727.694852
2010-10-18 00:00:00.005,8657.444089
2010-10-19 00:00:00.005,8777.935112
2010-10-20 00:00:00.005,8713.362807
2010-10-21 00:00:00.005,8702.442597
2010-10-22 00:00:00.005,8725.158318
2010-10-25 00:00:00.005,8760.393417
2010-10-26 00:00:00.005,8719.456248
2010-10-27 00:00:00.005,8579.264939
2010-10-28 00:00:00.005,8577.246745
2010-10-29 00:00:00.005,8537.935033
2010-11-01 00:00:00.005,8770.077446
2010-11-02 00:00:00.005,8767.892046
2010-11-03 00:00:00.005,8935.339266
2010-11-04 00:00:00.005,9100.106928
2010-11-05 00:00:00.005,9183.100946
2010-11-08 00:00:00.005,9266.532995
2010-11-09 00:00:00.005,9160.405225
2010-11-10 00:00:00.005,9153.385355
2010-11-11 00:00:00.005,9112.99847
2010-11-12 00:00:00.005,9024.27392
2010-11-15 00:00:00.005,8987.108085
2010-11-16 00:00:00.005,8918.45732
2010-11-17 00:00:00.005,8744.991135
2010-11-18 00:00:00.005,8893.394165
2010-11-19 00:00:00.005,8851.757832
2010-11-22 00:00:00.005,8762.80543
2010-11-23 00:00:00.005,8543.994395
2010-11-24 00:00:00.005,8618.81662
2010-11-25 00:00:00.005,8628.282933
2010-11-26 00:00:00.005,8569.877627
2010-11-29 00:00:00.005,8684.65813
2010-11-30 00:00:00.005,8675.48994
2010-12-01 00:00:00.005,8809.28988
2010-12-02 00:00:00.005,8845.200184
2010-12-03 00:00:00.005,8810.394468
2010-12-06 00:00:00.005,8750.204134
2010-12-07 00:00:00.005,8806.908059
2010-12-08 00:00:00.005,8764.567548
2010-12-09 00:00:00.005,8763.559372
2010-12-10 00:00:00.005,8723.825356
2010-12-13 00:00:00.005,8788.847325
2010-12-14 00:00:00.005,8821.258581
2010-12-15 00:00:00.005,8663.35936
2010-12-16 00:00:00.005,8559.650499
2010-12-17 00:00:00.005,8606.517703
2010-12-20 00:00:00.005,8565.114232
2010-12-21 00:00:00.005,8689.727608
2010-12-22 00:00:00.005,8729.396787
2010-12-23 00:00:00.005,8687.588226
2010-12-24 00:00:00.005,8675.403604
2010-12-27 00:00:00.005,8673.229736
2010-12-28 00:00:00.005,8616.17679
2010-12-29 00:00:00.005,8747.366693
2010-12-30 00:00:00.005,8773.968676
2010-12-31 00:00:00.005,8724.049457
2011-01-04 00:00:00.005,9098.019603
2011-01-05 00:00:00.005,9143.102293
2011-01-06 00:00:00.005,9166.040555
2011-01-07 00:00:00.005,9132.453074
2011-01-10 00:00:00.005,9064.796815
2011-01-11 00:00:00.005,9159.594542
2011-01-12 00:00:00.005,9164.473638
2011-01-13 00:00:00.005,9156.720753
2011-01-14 00:00:00.005,9165.3266
2011-01-17 00:00:00.005,9161.49632
2011-01-18 00:00:00.005,9165.78418
2011-01-19 00:00:00.005,9234.973425
2011-01-20 00:00:00.005,9135.24492
2011-01-21 00:00:00.005,9070.041571
2011-01-24 00:00:00.005,9047.076726
2011-01-25 00:00:00.005,9041.870649
2011-01-26 00:00:00.005,9055.503143
2011-01-27 00:00:00.005,9037.423508
2011-01-28 00:00:00.005,8983.535778
2011-01-31 00:00:00.005,8872.049407
2011-02-01 00:00:00.005,8854.316368
2011-02-09 00:00:00.005,8675.169149
2011-02-10 00:00:00.005,8476.976019
2011-02-11 00:00:00.005,8522.989104
2011-02-14 00:00:00.005,8579.269491
2011-02-15 00:00:00.005,8544.793714
2011-02-16 00:00:00.005,8586.130293
2011-02-17 00:00:00.005,8586.224824
2011-02-18 00:00:00.005,8665.495508
2011-02-21 00:00:00.005,8637.482669
2011-02-22 00:00:00.005,8480.483454
2011-02-23 00:00:00.005,8423.884908
2011-02-24 00:00:00.005,8314.046212
2011-02-25 00:00:00.005,8485.919659
2011-02-28 00:00:00.005,8575.232308
2011-03-01 00:00:00.005,8687.82471
2011-03-02 00:00:00.005,8543.209969
2011-03-03 00:00:00.005,8544.584591
2011-03-04 00:00:00.005,8658.424764
2011-03-07 00:00:00.005,8600.456499
2011-03-08 00:00:00.005,8747.498723
2011-03-09 00:00:00.005,8773.74491
2011-03-10 00:00:00.005,8715.922984
2011-03-11 00:00:00.005,8582.755621
2011-03-14 00:00:00.005,8568.57275
2011-03-15 00:00:00.005,8327.050668
2011-03-16 00:00:00.005,8356.081021
2011-03-17 00:00:00.005,8188.951326
2011-03-18 00:00:00.005,8208.31018
2011-03-21 00:00:00.005,8353.476846
2011-03-22 00:00:00.005,8397.422317
2011-03-23 00:00:00.005,8443.212723
2011-03-24 00:00:00.005,8447.032336
2011-03-25 00:00:00.005,8475.600075
2011-03-28 00:00:00.005,8472.105592
2011-03-29 00:00:00.005,8474.889018
2011-03-30 00:00:00.005,8641.344999
2011-03-31 00:00:00.005,8654.240528
2011-04-01 00:00:00.005,8693.504239
2011-04-06 00:00:00.005,8963.23333
2011-04-07 00:00:00.005,8931.965027
2011-04-08 00:00:00.005,8975.762347
2011-04-11 00:00:00.005,8928.469498
2011-04-12 00:00:00.005,8840.307005
2011-04-13 00:00:00.005,8898.854493
2011-04-14 00:00:00.005,8908.826981
2011-04-15 00:00:00.005,8927.486661
2011-04-18 00:00:00.005,8915.67454
2011-04-19 00:00:00.005,8823.011375
2011-04-20 00:00:00.005,8858.950286
2011-04-21 00:00:00.005,8932.683475
2011-04-22 00:00:00.005,8932.683475
2011-04-25 00:00:00.005,8927.281117
2011-04-26 00:00:00.005,8855.179082
2011-04-27 00:00:00.005,8848.561443
2011-04-28 00:00:00.005,8851.306324
2011-04-29 00:00:00.005,8850.901133
2011-05-03 00:00:00.005,8827.118802
2011-05-04 00:00:00.005,8738.965946
2011-05-05 00:00:00.005,8738.221766
2011-05-06 00:00:00.005,8712.281699
2011-05-09 00:00:00.005,8787.816622
2011-05-10 00:00:00.005,8789.229991
2011-05-11 00:00:00.005,8769.107526
2011-05-12 00:00:00.005,8658.118577
2011-05-13 00:00:00.005,8771.085249
2011-05-16 00:00:00.005,8665.676384
2011-05-17 00:00:00.005,8618.077457
2011-05-18 00:00:00.005,8665.221569
2011-05-19 00:00:00.005,8759.364254
2011-05-20 00:00:00.005,8729.289957
2011-05-23 00:00:00.005,8551.757134
2011-05-24 00:00:00.005,8567.140616
2011-05-25 00:00:00.005,8563.716761
2011-05-26 00:00:00.005,8578.093139
2011-05-27 00:00:00.005,8630.657822
2011-05-30 00:00:00.005,8674.869092
2011-05-31 00:00:00.005,8833.588396
2011-06-01 00:00:00.005,8838.089103
2011-06-02 00:00:00.005,8760.586788
2011-06-03 00:00:00.005,8663.550562
2011-06-07 00:00:00.005,8619.096628
2011-06-08 00:00:00.005,8550.270613
2011-06-09 00:00:00.005,8570.171256
2011-06-10 00:00:00.005,8462.092593
2011-06-13 00:00:00.005,8453.643254
2011-06-14 00:00:00.005,8468.7685
2011-06-15 00:00:00.005,8412.376502
2011-06-16 00:00:00.005,8277.509799
2011-06-17 00:00:00.005,8201.934922
2011-06-20 00:00:00.005,8103.740411
2011-06-21 00:00:00.005,8197.526705
2011-06-22 00:00:00.005,8225.364461
2011-06-23 00:00:00.005,8230.465852
2011-06-24 00:00:00.005,8346.455042
2011-06-27 00:00:00.005,8310.343171
2011-06-28 00:00:00.005,8308.838904
2011-06-29 00:00:00.005,8357.992185
2011-06-30 00:00:00.005,8478.962958
2011-07-01 00:00:00.005,8478.581592
2011-07-04 00:00:00.005,8611.403126
2011-07-05 00:00:00.005,8614.197193
2011-07-06 00:00:00.005,8565.663825
2011-07-07 00:00:00.005,8554.443922
2011-07-08 00:00:00.005,8626.993492
2011-07-11 00:00:00.005,8493.706322
2011-07-12 00:00:00.005,8303.924168
2011-07-13 00:00:00.005,8352.258018
2011-07-14 00:00:00.005,8368.278484
2011-07-15 00:00:00.005,8326.869506
2011-07-18 00:00:00.005,8312.180478
2011-07-19 00:00:00.005,8328.343043
2011-07-20 00:00:00.005,8396.019652
2011-07-21 00:00:00.005,8405.228983
2011-07-22 00:00:00.005,8534.905508
2011-07-25 00:00:00.005,8526.716049
2011-07-26 00:00:00.005,8596.250515
2011-07-27 00:00:00.005,8622.744183
2011-07-28 00:00:00.005,8673.503229
2011-07-29 00:00:00.005,8650.388025
2011-08-01 00:00:00.005,8764.257053
2011-08-02 00:00:00.005,8699.464298
2011-08-03 00:00:00.005,8546.533717
2011-08-04 00:00:00.005,8493.302351
2011-08-05 00:00:00.005,8083.194325
2011-08-08 00:00:00.005,7962.02443
2011-08-09 00:00:00.005,7641.421994
2011-08-10 00:00:00.005,7751.093423
2011-08-11 00:00:00.005,7713.270394
2011-08-12 00:00:00.005,7747.611825
2011-08-15 00:00:00.005,7884.278503
2011-08-16 00:00:00.005,7893.528642
2011-08-17 00:00:00.005,7972.873669
2011-08-18 00:00:00.005,7914.112098
2011-08-19 00:00:00.005,7660.720949
2011-08-22 00:00:00.005,7660.57995
2011-08-23 00:00:00.005,7797.08899
2011-08-24 00:00:00.005,7722.758772
2011-08-25 00:00:00.005,7814.604333
2011-08-26 00:00:00.005,7747.598741
2011-08-29 00:00:00.005,7818.438676
2011-08-30 00:00:00.005,7945.249914
2011-08-31 00:00:00.005,8094.561479
2011-09-01 00:00:00.005,8108.928188
2011-09-02 00:00:00.005,7945.59834
2011-09-05 00:00:00.005,7768.099758
2011-09-06 00:00:00.005,7795.450424
2011-09-07 00:00:00.005,7920.122866
2011-09-08 00:00:00.005,7892.361623
2011-09-09 00:00:00.005,7853.890778
2011-09-13 00:00:00.005,7559.16391
2011-09-14 00:00:00.005,7455.767183
2011-09-15 00:00:00.005,7526.70761
2011-09-16 00:00:00.005,7567.996015
2011-09-19 00:00:00.005,7377.969514
2011-09-20 00:00:00.005,7413.798906
2011-09-21 00:00:00.005,7372.061894
2011-09-22 00:00:00.005,7032.770514
2011-09-23 00:00:00.005,6992.125359
2011-09-26 00:00:00.005,6832.493388
2011-09-27 00:00:00.005,7040.772388
2011-09-28 00:00:00.005,6912.983297
2011-09-29 00:00:00.005,6916.443671
2011-09-30 00:00:00.005,6735.561828
2011-10-10 00:00:00.005,6876.260083
2011-10-11 00:00:00.005,7022.853609
2011-10-12 00:00:00.005,7138.012051
2011-10-13 00:00:00.005,7288.439078
2011-10-14 00:00:00.005,7214.114605
2011-10-17 00:00:00.005,7328.480706
2011-10-18 00:00:00.005,7003.95618
2011-10-19 00:00:00.005,7086.302667
2011-10-20 00:00:00.005,6965.40732
2011-10-21 00:00:00.005,6990.355512
2011-10-24 00:00:00.005,7251.553034
2011-10-25 00:00:00.005,7291.252842
2011-10-26 00:00:00.005,7289.907117
2011-10-27 00:00:00.005,7502.497238
2011-10-28 00:00:00.005,7671.534498
2011-10-31 00:00:00.005,7571.506836
2011-11-01 00:00:00.005,7455.751181
2011-11-02 00:00:00.005,7555.209559
2011-11-03 00:00:00.005,7367.56856
2011-11-04 00:00:00.005,7563.68281
2011-11-07 00:00:00.005,7555.936998
2011-11-08 00:00:00.005,7532.413136
2011-11-09 00:00:00.005,7609.253179
2011-11-10 00:00:00.005,7293.706684
2011-11-11 00:00:00.005,7315.983279
2011-11-14 00:00:00.005,7386.349881
2011-11-15 00:00:00.005,7350.615959
2011-11-16 00:00:00.005,7217.920006
2011-11-17 00:00:00.005,7175.085192
2011-11-18 00:00:00.005,7102.411336
2011-11-21 00:00:00.005,6964.567436
2011-11-22 00:00:00.005,7022.595077
2011-11-23 00:00:00.005,6911.232683
2011-11-24 00:00:00.005,6921.719054
2011-11-25 00:00:00.005,6844.406613
2011-11-28 00:00:00.005,6984.09155
2011-11-29 00:00:00.005,7053.924003
2011-11-30 00:00:00.005,6997.747658
2011-12-01 00:00:00.005,7272.898521
2011-12-02 00:00:00.005,7244.137259
2011-12-05 00:00:00.005,7279.265914
2011-12-06 00:00:00.005,7200.355763
2011-12-07 00:00:00.005,7296.818906
2011-12-08 00:00:00.005,7249.103398
2011-12-09 00:00:00.005,7087.011594
2011-12-12 00:00:00.005,7080.464826
2011-12-13 00:00:00.005,7035.395085
2011-12-14 00:00:00.005,7025.737204
2011-12-15 00:00:00.005,6890.452149
2011-12-16 00:00:00.005,6981.524862
2011-12-19 00:00:00.005,6914.505709
2011-12-20 00:00:00.005,6935.630191
2011-12-21 00:00:00.005,7035.136522
2011-12-22 00:00:00.005,7038.279831
2011-12-23 00:00:00.005,7122.536181
2011-12-26 00:00:00.005,7122.536181
2011-12-27 00:00:00.005,7122.581974
2011-12-28 00:00:00.005,7122.2405
2011-12-29 00:00:00.005,7099.918821
2011-12-30 00:00:00.005,7119.433914
2012-01-04 00:00:00.005,7234.896265
2012-01-05 00:00:00.005,7223.861953
2012-01-06 00:00:00.005,7144.585301
2012-01-09 00:00:00.005,7178.543187
2012-01-10 00:00:00.005,7236.647799
2012-01-11 00:00:00.005,7250.452956
2012-01-12 00:00:00.005,7269.607865
2012-01-13 00:00:00.005,7297.054293
2012-01-16 00:00:00.005,7250.812893
2012-01-17 00:00:00.005,7407.484674
2012-01-18 00:00:00.005,7434.909325
2012-01-19 00:00:00.005,7631.660989
2012-01-20 00:00:00.005,7689.757602
2012-01-30 00:00:00.005,7743.776618
2012-01-31 00:00:00.005,7792.895905
2012-02-01 00:00:00.005,7776.853987
2012-02-02 00:00:00.005,7843.014561
2012-02-03 00:00:00.005,7884.384685
2012-02-06 00:00:00.005,7885.318613
2012-02-07 00:00:00.005,7874.099423
2012-02-08 00:00:00.005,7989.278483
2012-02-09 00:00:00.005,8023.570563
2012-02-10 00:00:00.005,7977.304781
2012-02-13 00:00:00.005,8001.841818
2012-02-14 00:00:00.005,8077.402743
2012-02-15 00:00:00.005,8258.259173
2012-02-16 00:00:00.005,8210.479525
2012-02-17 00:00:00.005,8304.955347
2012-02-20 00:00:00.005,8313.618285
2012-02-21 00:00:00.005,8326.127534
2012-02-22 00:00:00.005,8315.540771
2012-02-23 00:00:00.005,8260.014618
2012-02-24 00:00:00.005,8302.939015
2012-02-27 00:00:00.005,8266.686321
2012-02-28 00:00:00.005,8417.931867
2012-02-29 00:00:00.005,8457.692394
2012-03-01 00:00:00.005,8370.381089
2012-03-02 00:00:00.005,8400.154814
2012-03-05 00:00:00.005,8340.609381
2012-03-06 00:00:00.005,8112.274339
2012-03-07 00:00:00.005,8113.718993
2012-03-08 00:00:00.005,8225.206295
2012-03-09 00:00:00.005,8219.642959
2012-03-12 00:00:00.005,8234.665349
2012-03-13 00:00:00.005,8336.947059
2012-03-14 00:00:00.005,8353.395122
2012-03-15 00:00:00.005,8352.519019
2012-03-16 00:00:00.005,8379.736625
2012-03-19 00:00:00.005,8313.707668
2012-03-20 00:00:00.005,8241.663546
2012-03-21 00:00:00.005,8162.299469
2012-03-22 00:00:00.005,8184.918132
2012-03-23 00:00:00.005,8083.643915
2012-03-26 00:00:00.005,8143.228272
2012-03-27 00:00:00.005,8289.295172
2012-03-28 00:00:00.005,8251.012536
2012-03-29 00:00:00.005,8188.82197
2012-03-30 00:00:00.005,8045.323727
2012-04-05 00:00:00.005,8059.346013
2012-04-06 00:00:00.005,8059.346013
2012-04-09 00:00:00.005,8058.204514
2012-04-10 00:00:00.005,7964.338258
2012-04-11 00:00:00.005,7895.734901
2012-04-12 00:00:00.005,7944.58963
2012-04-13 00:00:00.005,8027.708511
2012-04-16 00:00:00.005,8013.864872
2012-04-17 00:00:00.005,7994.150272
2012-04-18 00:00:00.005,8073.777011
2012-04-19 00:00:00.005,8118.933177
2012-04-20 00:00:00.005,8107.383039
2012-04-23 00:00:00.005,7992.800186
2012-04-24 00:00:00.005,7998.698905
2012-04-25 00:00:00.005,8010.796733
2012-04-26 00:00:00.005,8042.695444
2012-04-27 00:00:00.005,7984.016188
2012-05-02 00:00:00.005,8183.653994
2012-05-03 00:00:00.005,8172.538238
2012-05-04 00:00:00.005,8131.572355
2012-05-07 00:00:00.005,7915.302537
2012-05-08 00:00:00.005,7930.250418
2012-05-09 00:00:00.005,7842.925222
2012-05-10 00:00:00.005,7782.170802
2012-05-11 00:00:00.005,7682.587418
2012-05-14 00:00:00.005,7589.360187
2012-05-15 00:00:00.005,7627.465865
2012-05-16 00:00:00.005,7428.610632
2012-05-17 00:00:00.005,7396.092382
2012-05-18 00:00:00.005,7333.71084
2012-05-21 00:00:00.005,7380.565036
2012-05-22 00:00:00.005,7405.598781
2012-05-23 00:00:00.005,7288.87752
2012-05-24 00:00:00.005,7262.720159
2012-05-25 00:00:00.005,7284.478064
2012-05-28 00:00:00.005,7300.376609
2012-05-29 00:00:00.005,7417.706173
2012-05-30 00:00:00.005,7306.020262
2012-05-31 00:00:00.005,7231.281343
2012-06-01 00:00:00.005,7218.741272
2012-06-04 00:00:00.005,7062.866411
2012-06-05 00:00:00.005,7111.655587
2012-06-06 00:00:00.005,7215.877507
2012-06-07 00:00:00.005,7284.129652
2012-06-08 00:00:00.005,7210.768299
2012-06-11 00:00:00.005,7365.837744
2012-06-12 00:00:00.005,7364.000823
2012-06-13 00:00:00.005,7377.946717
2012-06-14 00:00:00.005,7316.537316
2012-06-15 00:00:00.005,7409.689302
2012-06-18 00:00:00.005,7451.485563
2012-06-19 00:00:00.005,7475.757309
2012-06-20 00:00:00.005,7516.567341
2012-06-21 00:00:00.005,7438.842432
2012-06-25 00:00:00.005,7345.622339
2012-06-26 00:00:00.005,7356.688724
2012-06-27 00:00:00.005,7442.055469
2012-06-28 00:00:00.005,7383.16909
2012-06-29 00:00:00.005,7532.389847
2012-07-02 00:00:00.005,7531.564534
2012-07-03 00:00:00.005,7647.649092
2012-07-04 00:00:00.005,7701.908553
2012-07-05 00:00:00.005,7744.152579
2012-07-06 00:00:00.005,7814.802721
2012-07-09 00:00:00.005,7665.328665
2012-07-10 00:00:00.005,7636.148801
2012-07-11 00:00:00.005,7700.38997
2012-07-12 00:00:00.005,7566.635979
2012-07-13 00:00:00.005,7583.600915
2012-07-16 00:00:00.005,7587.613072
2012-07-17 00:00:00.005,7723.34905
2012-07-18 00:00:00.005,7686.832511
2012-07-19 00:00:00.005,7762.303315
2012-07-20 00:00:00.005,7768.422766
2012-07-23 00:00:00.005,7613.722598
2012-07-24 00:00:00.005,7568.829036
2012-07-25 00:00:00.005,7530.193785
2012-07-26 00:00:00.005,7508.920306
2012-07-27 00:00:00.005,7614.447697
2012-07-30 00:00:00.005,7750.476103
2012-07-31 00:00:00.005,7796.408357
2012-08-01 00:00:00.005,7800.761957
2012-08-02 00:00:00.005,7782.356615
2012-08-03 00:00:00.005,7756.476931
2012-08-06 00:00:00.005,7872.885522
2012-08-07 00:00:00.005,7921.758483
2012-08-08 00:00:00.005,7921.189417
2012-08-09 00:00:00.005,8002.274347
2012-08-10 00:00:00.005,7885.549581
2012-08-13 00:00:00.005,7898.159795
2012-08-14 00:00:00.005,7952.330185
2012-08-15 00:00:00.005,7892.257873
2012-08-16 00:00:00.005,7881.23731
2012-08-17 00:00:00.005,7962.160472
2012-08-20 00:00:00.005,7962.357894
2012-08-21 00:00:00.005,7955.880015
2012-08-22 00:00:00.005,7893.561956
2012-08-23 00:00:00.005,7988.593721
2012-08-24 00:00:00.005,7918.553448
2012-08-27 00:00:00.005,7914.163263
2012-08-28 00:00:00.005,7894.806479
2012-08-29 00:00:00.005,7902.561504
2012-08-30 00:00:00.005,7804.833451
2012-08-31 00:00:00.005,7829.511964
2012-09-03 00:00:00.005,7844.349137
2012-09-04 00:00:00.005,7806.775588
2012-09-05 00:00:00.005,7727.886935
2012-09-06 00:00:00.005,7696.487799
2012-09-07 00:00:00.005,7948.678527
2012-09-10 00:00:00.005,8009.195296
2012-09-11 00:00:00.005,8023.318095
2012-09-12 00:00:00.005,8124.796182
2012-09-13 00:00:00.005,8123.741092
2012-09-14 00:00:00.005,8336.060571
2012-09-17 00:00:00.005,8355.753452
2012-09-18 00:00:00.005,8360.685121
2012-09-19 00:00:00.005,8408.26051
2012-09-20 00:00:00.005,8296.78668
2012-09-21 00:00:00.005,8304.963673
2012-09-24 00:00:00.005,8320.90289
2012-09-25 00:00:00.005,8310.958449
2012-09-26 00:00:00.005,8272.262044
2012-09-27 00:00:00.005,8356.753041
2012-09-28 00:00:00.005,8418.077496
2012-10-08 00:00:00.005,8440.470202
2012-10-09 00:00:00.005,8452.330035
2012-10-10 00:00:00.005,8433.667726
2012-10-11 00:00:00.005,8339.587447
2012-10-12 00:00:00.005,8353.980069
2012-10-15 00:00:00.005,8366.956147
2012-10-16 00:00:00.005,8404.87772
2012-10-17 00:00:00.005,8451.884073
2012-10-18 00:00:00.005,8478.043424
2012-10-19 00:00:00.005,8466.234127
2012-10-22 00:00:00.005,8524.687322
2012-10-23 00:00:00.005,8524.687322
2012-10-24 00:00:00.005,8672.311694
2012-10-25 00:00:00.005,8683.3072
2012-10-26 00:00:00.005,8619.380415
2012-10-29 00:00:00.005,8493.993066
2012-10-30 00:00:00.005,8483.706846
2012-10-31 00:00:00.005,8537.299509
2012-11-01 00:00:00.005,8603.24979
2012-11-02 00:00:00.005,8732.22714
2012-11-05 00:00:00.005,8723.686625
2012-11-06 00:00:00.005,8714.425853
2012-11-07 00:00:00.005,8755.185823
2012-11-08 00:00:00.005,8596.93982
2012-11-09 00:00:00.005,8531.126326
2012-11-12 00:00:00.005,8575.417238
2012-11-13 00:00:00.005,8500.252428
2012-11-14 00:00:00.005,8572.569282
2012-11-15 00:00:00.005,8504.150881
2012-11-16 00:00:00.005,8503.880242
2012-11-19 00:00:00.005,8539.696919
2012-11-20 00:00:00.005,8522.637418
2012-11-21 00:00:00.005,8583.104994
2012-11-22 00:00:00.005,8676.506773
2012-11-23 00:00:00.005,8749.794532
2012-11-26 00:00:00.005,8735.476397
2012-11-27 00:00:00.005,8748.433131
2012-11-28 00:00:00.005,8721.650899
2012-11-29 00:00:00.005,8795.513504
2012-11-30 00:00:00.005,8784.607915
2012-12-03 00:00:00.005,8724.963411
2012-12-04 00:00:00.005,8669.917778
2012-12-05 00:00:00.005,8804.306363
2012-12-06 00:00:00.005,8808.548821
2012-12-07 00:00:00.005,8784.133359
2012-12-10 00:00:00.005,8791.617243
2012-12-11 00:00:00.005,8810.700552
2012-12-12 00:00:00.005,8855.396405
2012-12-13 00:00:00.005,8830.542513
2012-12-14 00:00:00.005,8915.31092
2012-12-17 00:00:00.005,8870.277332
2012-12-18 00:00:00.005,8811.978166
2012-12-19 00:00:00.005,8849.949705
2012-12-20 00:00:00.005,8859.911005
2012-12-21 00:00:00.005,8825.856874
2012-12-24 00:00:00.005,8831.905989
2012-12-25 00:00:00.005,8831.905989
2012-12-26 00:00:00.005,8832.076919
2012-12-27 00:00:00.005,8848.481384
2012-12-28 00:00:00.005,8856.130311
2012-12-31 00:00:00.005,8859.541933
2013-01-04 00:00:00.005,9087.175749
2013-01-07 00:00:00.005,9131.354913
2013-01-08 00:00:00.005,9094.863621
2013-01-09 00:00:00.005,9196.473795
2013-01-10 00:00:00.005,9242.209211
2013-01-11 00:00:00.005,9178.506193
2013-01-14 00:00:00.005,9182.691155
2013-01-15 00:00:00.005,9213.696589
2013-01-16 00:00:00.005,9225.356121
2013-01-17 00:00:00.005,9210.386939
2013-01-18 00:00:00.005,9269.555199
2013-01-21 00:00:00.005,9299.244268
2013-01-22 00:00:00.005,9316.650389
2013-01-23 00:00:00.005,9325.006198
2013-01-24 00:00:00.005,9378.007156
2013-01-25 00:00:00.005,9365.686393
2013-01-28 00:00:00.005,9348.785002
2013-01-29 00:00:00.005,9360.293146
2013-01-30 00:00:00.005,9414.403329
2013-01-31 00:00:00.005,9375.635375
2013-02-01 00:00:00.005,9372.775411
2013-02-04 00:00:00.005,9373.178758
2013-02-05 00:00:00.005,9193.389777
2013-02-06 00:00:00.005,9235.489484
2013-02-07 00:00:00.005,9220.965756
2013-02-08 00:00:00.005,9287.328512
2013-02-18 00:00:00.005,9348.900793
2013-02-19 00:00:00.005,9285.191098
2013-02-20 00:00:00.005,9342.209288
2013-02-21 00:00:00.005,9204.667843
2013-02-22 00:00:00.005,9192.113171
2013-02-25 00:00:00.005,9189.944297
2013-02-26 00:00:00.005,9083.402001
2013-02-27 00:00:00.005,9184.62894
2013-02-28 00:00:00.005,9311.912613
2013-03-01 00:00:00.005,9300.120465
2013-03-04 00:00:00.005,9174.507894
2013-03-05 00:00:00.005,9169.876306
2013-03-06 00:00:00.005,9227.928264
2013-03-07 00:00:00.005,9276.518729
2013-03-08 00:00:00.005,9320.643654
2013-03-11 00:00:00.005,9354.420796
2013-03-12 00:00:00.005,9290.656681
2013-03-13 00:00:00.005,9199.415826
2013-03-14 00:00:00.005,9174.821691
2013-03-15 00:00:00.005,9095.425956
2013-03-18 00:00:00.005,8924.485909
2013-03-19 00:00:00.005,8985.243387
2013-03-20 00:00:00.005,8993.176266
2013-03-21 00:00:00.005,9030.656204
2013-03-22 00:00:00.005,9005.147186
2013-03-25 00:00:00.005,9032.311346
2013-03-26 00:00:00.005,9081.195312
2013-03-27 00:00:00.005,9154.218149
2013-03-28 00:00:00.005,9137.543577
2013-03-29 00:00:00.005,9137.543577
2013-04-01 00:00:00.005,9136.366612
2013-04-02 00:00:00.005,9199.462457
2013-04-03 00:00:00.005,9211.812178
2013-04-08 00:00:00.005,8921.365019
2013-04-09 00:00:00.005,8956.227303
2013-04-10 00:00:00.005,9041.251441
2013-04-11 00:00:00.005,9082.277115
2013-04-12 00:00:00.005,9106.916358
2013-04-15 00:00:00.005,9017.842524
2013-04-16 00:00:00.005,8970.890409
2013-04-17 00:00:00.005,8986.931335
2013-04-18 00:00:00.005,8971.966956
2013-04-19 00:00:00.005,9100.072891
2013-04-22 00:00:00.005,9141.486008
2013-04-23 00:00:00.005,9105.481443
2013-04-24 00:00:00.005,9228.309208
2013-04-25 00:00:00.005,9300.01189
2013-04-26 00:00:00.005,9330.503478
2013-05-02 00:00:00.005,9317.987436
2013-05-03 00:00:00.005,9353.487693
2013-05-06 00:00:00.005,9455.338748
2013-05-07 00:00:00.005,9497.156833
2013-05-08 00:00:00.005,9538.971378
2013-05-09 00:00:00.005,9525.045489
2013-05-10 00:00:00.005,9580.520252
2013-05-13 00:00:00.005,9483.867473
2013-05-14 00:00:00.005,9457.372132
2013-05-15 00:00:00.005,9509.792703
2013-05-16 00:00:00.005,9499.57098
2013-05-17 00:00:00.005,9500.733509
2013-05-20 00:00:00.005,9666.497717
2013-05-21 00:00:00.005,9620.27747
2013-05-22 00:00:00.005,9591.309233
2013-05-23 00:00:00.005,9348.085914
2013-05-24 00:00:00.005,9347.675457
2013-05-27 00:00:00.005,9367.047484
2013-05-28 00:00:00.005,9425.274056
2013-05-29 00:00:00.005,9239.736538
2013-05-30 00:00:00.005,9121.118636
2013-05-31 00:00:00.005,9114.787795
2013-06-03 00:00:00.005,9073.264042
2013-06-04 00:00:00.005,9105.70158
2013-06-05 00:00:00.005,8911.618383
2013-06-06 00:00:00.005,8802.23337
2013-06-07 00:00:00.005,8731.724345
2013-06-13 00:00:00.005,8566.7839
2013-06-14 00:00:00.005,8678.210784
2013-06-17 00:00:00.005,8832.852393
2013-06-18 00:00:00.005,8861.745898
2013-06-19 00:00:00.005,8794.312342
2013-06-20 00:00:00.005,8577.382092
2013-06-21 00:00:00.005,8450.099111
2013-06-24 00:00:00.005,8280.271057
2013-06-25 00:00:00.005,8324.722867
2013-06-26 00:00:00.005,8478.870245
2013-06-27 00:00:00.005,8512.21656
2013-06-28 00:00:00.005,8599.672961
2013-07-01 00:00:00.005,8600.726381
2013-07-02 00:00:00.005,8630.551424
2013-07-03 00:00:00.005,8440.068903
2013-07-04 00:00:00.005,8514.427623
2013-07-05 00:00:00.005,8651.297065
2013-07-08 00:00:00.005,8518.347139
2013-07-09 00:00:00.005,8563.364875
2013-07-10 00:00:00.005,8666.913481
2013-07-11 00:00:00.005,8856.338669
2013-07-12 00:00:00.005,8802.233634
2013-07-15 00:00:00.005,8768.295095
2013-07-16 00:00:00.005,8768.58392
2013-07-17 00:00:00.005,8765.542653
2013-07-18 00:00:00.005,8740.165213
2013-07-19 00:00:00.005,8740.159408
2013-07-22 00:00:00.005,8792.916117
2013-07-23 00:00:00.005,8949.537394
2013-07-24 00:00:00.005,9011.722533
2013-07-25 00:00:00.005,8968.047792
2013-07-26 00:00:00.005,8954.685392
2013-07-29 00:00:00.005,8930.770471
2013-07-30 00:00:00.005,8963.400298
2013-07-31 00:00:00.005,8956.922488
2013-08-01 00:00:00.005,9060.412585
2013-08-02 00:00:00.005,9129.495403
2013-08-05 00:00:00.005,9120.196625
2013-08-06 00:00:00.005,9042.537575
2013-08-07 00:00:00.005,8947.833953
2013-08-08 00:00:00.005,8961.524378
2013-08-09 00:00:00.005,9003.726946
2013-08-12 00:00:00.005,9116.388927
2013-08-13 00:00:00.005,9200.490137
2013-08-14 00:00:00.005,9200.608771
2013-08-15 00:00:00.005,9202.290451
2013-08-16 00:00:00.005,9196.42562
2013-08-19 00:00:00.005,9120.879889
2013-08-20 00:00:00.005,8911.767045
2013-08-21 00:00:00.005,8854.256699
2013-08-22 00:00:00.005,8829.217682
2013-08-23 00:00:00.005,8844.81342
2013-08-26 00:00:00.005,8888.393332
2013-08-27 00:00:00.005,8823.687108
2013-08-28 00:00:00.005,8697.209685
2013-08-29 00:00:00.005,8763.058991
2013-08-30 00:00:00.005,8814.479005
2013-09-02 00:00:00.005,8959.732056
2013-09-03 00:00:00.005,9021.359722
2013-09-04 00:00:00.005,9002.215213
2013-09-05 00:00:00.005,9096.093763
2013-09-06 00:00:00.005,9053.609235
2013-09-09 00:00:00.005,9076.835325
2013-09-10 00:00:00.005,9112.043525
2013-09-11 00:00:00.005,9133.957137
2013-09-12 00:00:00.005,9099.822581
2013-09-13 00:00:00.005,9083.374169
2013-09-16 00:00:00.005,9222.411791
2013-09-17 00:00:00.005,9213.139358
2013-09-18 00:00:00.005,9265.630627
2013-09-23 00:00:00.005,9400.148365
2013-09-24 00:00:00.005,9346.452946
2013-09-25 00:00:00.005,9370.321432
2013-09-26 00:00:00.005,9356.650029
2013-09-27 00:00:00.005,9397.37054
2013-09-30 00:00:00.005,9299.537708
2013-10-08 00:00:00.005,9420.201626
2013-10-09 00:00:00.005,9374.398579
2013-10-10 00:00:00.005,9372.111471
2013-10-11 00:00:00.005,9464.847424
2013-10-14 00:00:00.005,9464.54228
2013-10-15 00:00:00.005,9502.05489
2013-10-16 00:00:00.005,9459.068125
2013-10-17 00:00:00.005,9454.466587
2013-10-18 00:00:00.005,9620.90779
2013-10-21 00:00:00.005,9629.714596
2013-10-22 00:00:00.005,9582.512477
2013-10-23 00:00:00.005,9545.820953
2013-10-24 00:00:00.005,9476.397356
2013-10-25 00:00:00.005,9419.45668
2013-10-28 00:00:00.005,9424.388141
2013-10-29 00:00:00.005,9357.136122
2013-10-30 00:00:00.005,9541.520227
2013-10-31 00:00:00.005,9484.698295
2013-11-01 00:00:00.005,9535.24996
2013-11-04 00:00:00.005,9509.42606
2013-11-05 00:00:00.005,9404.948728
2013-11-06 00:00:00.005,9401.19624
2013-11-07 00:00:00.005,9356.146499
2013-11-08 00:00:00.005,9323.167767
2013-11-11 00:00:00.005,9396.956692
2013-11-12 00:00:00.005,9323.580469
2013-11-13 00:00:00.005,9228.775026
2013-11-14 00:00:00.005,9284.658395
2013-11-15 00:00:00.005,9383.241036
2013-11-18 00:00:00.005,9534.843599
2013-11-19 00:00:00.005,9495.99264
2013-11-20 00:00:00.005,9508.841297
2013-11-21 00:00:00.005,9482.568298
2013-11-22 00:00:00.005,9517.464574
2013-11-25 00:00:00.005,9504.347354
2013-11-26 00:00:00.005,9537.195163
2013-11-27 00:00:00.005,9572.054974
2013-11-28 00:00:00.005,9565.967332
2013-11-29 00:00:00.005,9566.404288
2013-12-02 00:00:00.005,9630.136368
2013-12-03 00:00:00.005,9630.548215
2013-12-04 00:00:00.005,9569.746566
2013-12-05 00:00:00.005,9561.14681
2013-12-06 00:00:00.005,9521.467992
2013-12-09 00:00:00.005,9570.174561
2013-12-10 00:00:00.005,9531.629931
2013-12-11 00:00:00.005,9384.244486
2013-12-12 00:00:00.005,9427.063828
2013-12-13 00:00:00.005,9427.169882
2013-12-16 00:00:00.005,9439.348234
2013-12-17 00:00:00.005,9462.670268
2013-12-18 00:00:00.005,9485.310558
2013-12-19 00:00:00.005,9377.382032
2013-12-20 00:00:00.005,9376.454263
2013-12-23 00:00:00.005,9436.718659
2013-12-24 00:00:00.005,9520.871773
2013-12-25 00:00:00.005,9520.871773
2013-12-26 00:00:00.005,9520.012427
2013-12-27 00:00:00.005,9508.700985
2013-12-30 00:00:00.005,9523.092602
2013-12-31 00:00:00.005,9576.805918
2014-01-02 00:00:00.005,9611.323562
2014-01-03 00:00:00.005,9446.413138
2014-01-06 00:00:00.005,9412.80212
2014-01-07 00:00:00.005,9475.710267
2014-01-08 00:00:00.005,9539.174617
2014-01-09 00:00:00.005,9486.180957
2014-01-10 00:00:00.005,9496.492803
2014-01-13 00:00:00.005,9483.17418
2014-01-14 00:00:00.005,9457.849703
2014-01-15 00:00:00.005,9470.035263
2014-01-16 00:00:00.005,9510.224051
2014-01-17 00:00:00.005,9652.685502
2014-01-20 00:00:00.005,9578.602566
2014-01-21 00:00:00.005,9583.582876
2014-01-22 00:00:00.005,9530.050781
2014-01-23 00:00:00.005,9403.082795
2014-01-24 00:00:00.005,9276.715169
2014-01-27 00:00:00.005,9138.97393
2014-01-28 00:00:00.005,9124.547368
2014-01-29 00:00:00.005,9083.542363
2014-01-30 00:00:00.005,9039.908069
2014-02-07 00:00:00.005,8974.988548
2014-02-10 00:00:00.005,8948.683586
2014-02-11 00:00:00.005,9095.517929
2014-02-12 00:00:00.005,9235.655556
2014-02-13 00:00:00.005,9183.433011
2014-02-14 00:00:00.005,9206.192513
2014-02-17 00:00:00.005,9180.000484
2014-02-18 00:00:00.005,9238.162184
2014-02-19 00:00:00.005,9265.060378
2014-02-20 00:00:00.005,9202.702801
2014-02-21 00:00:00.005,9280.991387
2014-02-24 00:00:00.005,9209.147966
2014-02-25 00:00:00.005,9264.31638
2014-02-26 00:00:00.005,9307.454826
2014-02-27 00:00:00.005,9426.66925
2014-02-28 00:00:00.005,9450.809576
2014-03-03 00:00:00.005,9368.918795
2014-03-04 00:00:00.005,9431.221033
2014-03-05 00:00:00.005,9429.350173
2014-03-06 00:00:00.005,9472.356847
2014-03-07 00:00:00.005,9417.695817
2014-03-10 00:00:00.005,9297.148899
2014-03-11 00:00:00.005,9335.041941
2014-03-12 00:00:00.005,9219.198617
2014-03-13 00:00:00.005,9167.110447
2014-03-14 00:00:00.005,9049.008227
2014-03-17 00:00:00.005,9077.903354
2014-03-18 00:00:00.005,9095.572991
2014-03-19 00:00:00.005,9118.76368
2014-03-20 00:00:00.005,8939.525034
2014-03-21 00:00:00.005,9020.35362
2014-03-24 00:00:00.005,9089.81609
2014-03-25 00:00:00.005,9087.824723
2014-03-26 00:00:00.005,9123.156936
2014-03-27 00:00:00.005,9110.485923
2014-03-28 00:00:00.005,9160.075416
2014-03-31 00:00:00.005,9210.432185
2014-04-01 00:00:00.005,9425.626529
2014-04-02 00:00:00.005,9534.493651
2014-04-03 00:00:00.005,9580.71029
2014-04-04 00:00:00.005,9601.72093
2014-04-08 00:00:00.005,9495.004061
2014-04-09 00:00:00.005,9572.052382
2014-04-10 00:00:00.005,9727.315454
2014-04-11 00:00:00.005,9811.392362
2014-04-14 00:00:00.005,9839.284105
2014-04-15 00:00:00.005,9704.40037
2014-04-16 00:00:00.005,9692.873206
2014-04-17 00:00:00.005,9722.891197
2014-04-18 00:00:00.005,9722.891197
2014-04-21 00:00:00.005,9723.392775
2014-04-22 00:00:00.005,9716.380808
2014-04-23 00:00:00.005,9648.547738
2014-04-24 00:00:00.005,9680.581738
2014-04-25 00:00:00.005,9516.902302
2014-04-28 00:00:00.005,9478.224712
2014-04-29 00:00:00.005,9573.770622
2014-04-30 00:00:00.005,9432.977426
2014-05-05 00:00:00.005,9434.23848
2014-05-06 00:00:00.005,9434.48188
2014-05-07 00:00:00.005,9315.661561
2014-05-08 00:00:00.005,9241.15716
2014-05-09 00:00:00.005,9325.440667
2014-05-12 00:00:00.005,9481.832516
2014-05-13 00:00:00.005,9531.326599
2014-05-14 00:00:00.005,9578.4871
2014-05-15 00:00:00.005,9615.676202
2014-05-16 00:00:00.005,9627.121255
2014-05-19 00:00:00.005,9595.32279
2014-05-20 00:00:00.005,9627.976505
2014-05-21 00:00:00.005,9620.766939
2014-05-22 00:00:00.005,9653.744978
2014-05-23 00:00:00.005,9690.679818
2014-05-26 00:00:00.005,9684.233434
2014-05-27 00:00:00.005,9686.820707
2014-05-28 00:00:00.005,9716.010581
2014-05-29 00:00:00.005,9732.186287
2014-05-30 00:00:00.005,9795.547432
2014-06-03 00:00:00.005,9848.867548
2014-06-04 00:00:00.005,9823.18569
2014-06-05 00:00:00.005,9817.499501
2014-06-06 00:00:00.005,9720.191887
2014-06-09 00:00:00.005,9742.743982
2014-06-10 00:00:00.005,9747.584851
2014-06-11 00:00:00.005,9727.983178
2014-06-12 00:00:00.005,9718.967699
2014-06-13 00:00:00.005,9767.318935
2014-06-16 00:00:00.005,9752.603966
2014-06-17 00:00:00.005,9682.832986
2014-06-18 00:00:00.005,9648.087282
2014-06-19 00:00:00.005,9704.8624
2014-06-20 00:00:00.005,9705.39992
2014-06-23 00:00:00.005,9576.126359
2014-06-24 00:00:00.005,9626.720253
2014-06-25 00:00:00.005,9654.769373
2014-06-26 00:00:00.005,9789.266084
2014-06-27 00:00:00.005,9846.517023
2014-06-30 00:00:00.005,9829.916835
2014-07-01 00:00:00.005,9830.297346
2014-07-02 00:00:00.005,10035.33987
2014-07-03 00:00:00.005,10021.727548
2014-07-04 00:00:00.005,10022.129409
2014-07-07 00:00:00.005,10012.797001
2014-07-08 00:00:00.005,9991.824081
2014-07-09 00:00:00.005,9870.515768
2014-07-10 00:00:00.005,9902.962866
2014-07-11 00:00:00.005,9918.302478
2014-07-14 00:00:00.005,9891.773521
2014-07-15 00:00:00.005,9917.756805
2014-07-16 00:00:00.005,9955.597392
2014-07-17 00:00:00.005,9937.076927
2014-07-18 00:00:00.005,9917.598166
2014-07-21 00:00:00.005,9940.956686
2014-07-22 00:00:00.005,10054.582456
2014-07-23 00:00:00.005,10114.810106
2014-07-24 00:00:00.005,10167.488706
2014-07-25 00:00:00.005,10175.255165
2014-07-28 00:00:00.005,10218.05164
2014-07-29 00:00:00.005,10320.445984
2014-07-30 00:00:00.005,10383.156797
2014-07-31 00:00:00.005,10431.913562
2014-08-01 00:00:00.005,10321.321988
2014-08-04 00:00:00.005,10335.580255
2014-08-05 00:00:00.005,10285.240904
2014-08-06 00:00:00.005,10275.724284
2014-08-07 00:00:00.005,10217.217801
2014-08-08 00:00:00.005,10178.498943
2014-08-11 00:00:00.005,10286.537394
2014-08-12 00:00:00.005,10303.829213
2014-08-13 00:00:00.005,10362.921861
2014-08-14 00:00:00.005,10390.391855
2014-08-15 00:00:00.005,10377.695961
2014-08-18 00:00:00.005,10355.847548
2014-08-19 00:00:00.005,10501.898453
2014-08-20 00:00:00.005,10639.007664
2014-08-21 00:00:00.005,10542.292773
2014-08-22 00:00:00.005,10552.948289
2014-08-25 00:00:00.005,10577.98082
2014-08-26 00:00:00.005,10513.153323
2014-08-27 00:00:00.005,10452.077755
2014-08-28 00:00:00.005,10354.638713
2014-08-29 00:00:00.005,10302.975906
2014-09-01 00:00:00.005,10319.406097
2014-09-02 00:00:00.005,10329.798011
2014-09-03 00:00:00.005,10510.415742
2014-09-04 00:00:00.005,10490.416019
2014-09-05 00:00:00.005,10435.4288
2014-09-09 00:00:00.005,10395.383066
2014-09-10 00:00:00.005,10273.899461
2014-09-11 00:00:00.005,10279.536039
2014-09-12 00:00:00.005,10244.434527
2014-09-15 00:00:00.005,10133.925037
2014-09-16 00:00:00.005,10067.627934
2014-09-17 00:00:00.005,10054.266163
2014-09-18 00:00:00.005,10000.756925
2014-09-19 00:00:00.005,10056.20843
2014-09-22 00:00:00.005,9938.339004
2014-09-23 00:00:00.005,9902.075496
2014-09-24 00:00:00.005,9908.517009
2014-09-25 00:00:00.005,9831.144039
2014-09-26 00:00:00.005,9861.012309
2014-09-29 00:00:00.005,9591.191452
2014-09-30 00:00:00.005,9510.392733
2014-10-08 00:00:00.005,9723.390908
2014-10-09 00:00:00.005,9857.747959
2014-10-10 00:00:00.005,9709.922464
2014-10-13 00:00:00.005,9786.722986
2014-10-14 00:00:00.005,9742.389042
2014-10-15 00:00:00.005,9812.456594
2014-10-16 00:00:00.005,9746.518727
2014-10-17 00:00:00.005,9794.078081
2014-10-20 00:00:00.005,9779.341073
2014-10-21 00:00:00.005,9816.062924
2014-10-22 00:00:00.005,9953.204839
2014-10-23 00:00:00.005,9947.102701
2014-10-24 00:00:00.005,9925.447452
2014-10-27 00:00:00.005,9833.501106
2014-10-28 00:00:00.005,9939.554142
2014-10-29 00:00:00.005,10048.933136
2014-10-30 00:00:00.005,10032.949519
2014-10-31 00:00:00.005,10150.357776
2014-11-03 00:00:00.005,10147.998592
2014-11-04 00:00:00.005,10083.631569
2014-11-05 00:00:00.005,10019.093631
2014-11-06 00:00:00.005,9975.129236
2014-11-07 00:00:00.005,9965.580369
2014-11-10 00:00:00.005,10110.241815
2014-11-11 00:00:00.005,10164.495813
2014-11-12 00:00:00.005,10222.977661
2014-11-13 00:00:00.005,10315.937088
2014-11-14 00:00:00.005,10368.072277
2014-11-17 00:00:00.005,10274.912144
2014-11-18 00:00:00.005,10123.449221
2014-11-19 00:00:00.005,10070.561307
2014-11-20 00:00:00.005,10037.819667
2014-11-21 00:00:00.005,10070.879138
2014-11-24 00:00:00.005,10187.332186
2014-11-25 00:00:00.005,10184.572145
2014-11-26 00:00:00.005,10276.498184
2014-11-27 00:00:00.005,10228.256601
2014-11-28 00:00:00.005,10194.046351
2014-12-01 00:00:00.005,9964.439666
2014-12-02 00:00:00.005,10025.658282
2014-12-03 00:00:00.005,9925.482838
2014-12-04 00:00:00.005,9953.194897
2014-12-05 00:00:00.005,10042.722928
2014-12-08 00:00:00.005,9938.533101
2014-12-09 00:00:00.005,9851.927368
2014-12-10 00:00:00.005,9896.555452
2014-12-11 00:00:00.005,9813.449837
2014-12-12 00:00:00.005,9830.457099
2014-12-15 00:00:00.005,9733.785445
2014-12-16 00:00:00.005,9590.412648
2014-12-17 00:00:00.005,9433.726928
2014-12-18 00:00:00.005,9513.936007
2014-12-19 00:00:00.005,9622.001362
2014-12-22 00:00:00.005,9640.720798
2014-12-23 00:00:00.005,9647.10541
2014-12-24 00:00:00.005,9726.886231
2014-12-25 00:00:00.005,9726.886231
2014-12-26 00:00:00.005,9727.57553
2014-12-29 00:00:00.005,9823.082026
2014-12-30 00:00:00.005,9747.17906
2014-12-31 00:00:00.005,9770.615987
2015-01-05 00:00:00.005,9731.585537
2015-01-06 00:00:00.005,9583.045405
2015-01-07 00:00:00.005,9636.850572
2015-01-08 00:00:00.005,9677.678181
2015-01-09 00:00:00.005,9703.064835
2015-01-12 00:00:00.005,9889.19426
2015-01-13 00:00:00.005,10004.582555
2015-01-14 00:00:00.005,9991.791948
2015-01-15 00:00:00.005,10080.771745
2015-01-16 00:00:00.005,9995.527239
2015-01-19 00:00:00.005,9953.378369
2015-01-20 00:00:00.005,9959.432959
2015-01-21 00:00:00.005,10022.8943
2015-01-22 00:00:00.005,10052.320193
2015-01-23 00:00:00.005,10192.866881
2015-01-26 00:00:00.005,10257.831702
2015-01-27 00:00:00.005,10315.376858
2015-01-28 00:00:00.005,10369.618096
2015-01-29 00:00:00.005,10317.465545
2015-01-30 00:00:00.005,10311.065677
2015-02-02 00:00:00.005,10339.04249
2015-02-03 00:00:00.005,10249.955277
2015-02-04 00:00:00.005,10257.259225
2015-02-05 00:00:00.005,10227.359269
2015-02-06 00:00:00.005,10282.285295
2015-02-09 00:00:00.005,10218.888991
2015-02-10 00:00:00.005,10250.52227
2015-02-11 00:00:00.005,10230.609191
2015-02-12 00:00:00.005,10137.480618
2015-02-13 00:00:00.005,10217.060004
2015-02-16 00:00:00.005,10254.191675
2015-02-17 00:00:00.005,10256.671818
2015-02-25 00:00:00.005,10269.050303
2015-02-26 00:00:00.005,10271.758652
2015-02-27 00:00:00.005,10253.753285
2015-03-02 00:00:00.005,10303.010643
2015-03-03 00:00:00.005,10371.144163
2015-03-04 00:00:00.005,10313.557155
2015-03-05 00:00:00.005,10182.275251
2015-03-06 00:00:00.005,10202.780196
2015-03-09 00:00:00.005,10127.925539
2015-03-10 00:00:00.005,10032.536715
2015-03-11 00:00:00.005,10002.110667
2015-03-12 00:00:00.005,9968.645221
2015-03-13 00:00:00.005,9910.873159
2015-03-16 00:00:00.005,9898.387056
2015-03-17 00:00:00.005,9857.883352
2015-03-18 00:00:00.005,9884.010674
2015-03-19 00:00:00.005,10048.921917
2015-03-20 00:00:00.005,10017.628404
2015-03-23 00:00:00.005,10033.973635
2015-03-24 00:00:00.005,10050.544703
2015-03-25 00:00:00.005,10179.99196
2015-03-26 00:00:00.005,10192.035334
2015-03-27 00:00:00.005,10227.439671
2015-03-30 00:00:00.005,10326.066929
2015-03-31 00:00:00.005,10292.686206
2015-04-01 00:00:00.005,10362.920364
2015-04-02 00:00:00.005,10390.202842
2015-04-03 00:00:00.005,10390.202842
2015-04-07 00:00:00.005,10391.744296
2015-04-08 00:00:00.005,10669.564884
2015-04-09 00:00:00.005,11015.802116
2015-04-10 00:00:00.005,11152.70842
2015-04-13 00:00:00.005,11322.019486
2015-04-14 00:00:00.005,11210.48348
2015-04-15 00:00:00.005,11107.676853
2015-04-16 00:00:00.005,11090.945461
2015-04-17 00:00:00.005,11106.996336
2015-04-20 00:00:00.005,10917.940782
2015-04-21 00:00:00.005,11058.923264
2015-04-22 00:00:00.005,11067.321448
2015-04-23 00:00:00.005,11085.096726
2015-04-24 00:00:00.005,11180.436666
2015-04-27 00:00:00.005,11266.852999
2015-04-28 00:00:00.005,11247.554722
2015-04-29 00:00:00.005,11206.717252
2015-04-30 00:00:00.005,11215.592917
2015-05-04 00:00:00.005,11310.537643
2015-05-05 00:00:00.005,11193.881668
2015-05-06 00:00:00.005,11147.644959
2015-05-07 00:00:00.005,11050.470936
2015-05-08 00:00:00.005,11115.469857
2015-05-11 00:00:00.005,11118.389469
2015-05-12 00:00:00.005,11019.453286
2015-05-13 00:00:00.005,10979.238136
2015-05-14 00:00:00.005,10978.349478
2015-05-15 00:00:00.005,11261.10939
2015-05-18 00:00:00.005,11212.555946
2015-05-19 00:00:00.005,11209.863929
2015-05-20 00:00:00.005,11155.153584
2015-05-21 00:00:00.005,11197.678273
2015-05-22 00:00:00.005,11326.17639
2015-05-25 00:00:00.005,11326.17639
2015-05-26 00:00:00.005,11393.544827
2015-05-27 00:00:00.005,11292.223707
2015-05-28 00:00:00.005,11117.365626
2015-05-29 00:00:00.005,11099.963288
2015-06-01 00:00:00.005,11148.255086
2015-06-02 00:00:00.005,11073.81171
2015-06-03 00:00:00.005,11265.01649
2015-06-04 00:00:00.005,11195.921724
2015-06-05 00:00:00.005,11131.365314
2015-06-08 00:00:00.005,11004.621985
2015-06-09 00:00:00.005,10876.702581
2015-06-10 00:00:00.005,10798.608749
2015-06-11 00:00:00.005,10864.458867
2015-06-12 00:00:00.005,11009.165056
2015-06-15 00:00:00.005,10883.719037
2015-06-16 00:00:00.005,10845.849336
2015-06-17 00:00:00.005,10928.984314
2015-06-18 00:00:00.005,10948.215389
2015-06-19 00:00:00.005,11040.43778
2015-06-23 00:00:00.005,11151.816594
2015-06-24 00:00:00.005,11087.483232
2015-06-25 00:00:00.005,11068.901251
2015-06-26 00:00:00.005,10914.916704
2015-06-29 00:00:00.005,10677.473945
2015-06-30 00:00:00.005,10753.545452
2015-07-01 00:00:00.005,10753.822879
2015-07-02 00:00:00.005,10888.05037
2015-07-03 00:00:00.005,10762.29088
2015-07-06 00:00:00.005,10457.599568
2015-07-07 00:00:00.005,10403.071476
2015-07-08 00:00:00.005,9875.173386
2015-07-09 00:00:00.005,10307.98385
2015-07-10 00:00:00.005,10442.172232
2015-07-13 00:00:00.005,10616.179893
2015-07-14 00:00:00.005,10607.995862
2015-07-15 00:00:00.005,10609.3105
2015-07-16 00:00:00.005,10636.248836
2015-07-17 00:00:00.005,10757.827406
2015-07-20 00:00:00.005,10734.787504
2015-07-21 00:00:00.005,10728.178189
2015-07-22 00:00:00.005,10636.558622
2015-07-23 00:00:00.005,10720.619317
2015-07-24 00:00:00.005,10667.398523
2015-07-27 00:00:00.005,10381.482414
2015-07-28 00:00:00.005,10461.063205
2015-07-29 00:00:00.005,10513.513434
2015-07-30 00:00:00.005,10480.360748
2015-07-31 00:00:00.005,10574.32691
2015-08-03 00:00:00.005,10430.134211
2015-08-04 00:00:00.005,10462.942659
2015-08-05 00:00:00.005,10475.694428
2015-08-06 00:00:00.005,10426.169106
2015-08-07 00:00:00.005,10505.519196
2015-08-10 00:00:00.005,10486.784635
2015-08-11 00:00:00.005,10426.218601
2015-08-12 00:00:00.005,10193.874883
2015-08-13 00:00:00.005,10141.478311
2015-08-14 00:00:00.005,10170.26216
2015-08-17 00:00:00.005,10087.141537
2015-08-18 00:00:00.005,9933.759724
2015-08-19 00:00:00.005,9777.173775
2015-08-20 00:00:00.005,9598.769237
2015-08-21 00:00:00.005,9432.043962
2015-08-24 00:00:00.005,8944.046713
2015-08-25 00:00:00.005,9088.652396
2015-08-26 00:00:00.005,8979.225551
2015-08-27 00:00:00.005,9244.52683
2015-08-28 00:00:00.005,9224.540513
2015-08-31 00:00:00.005,9182.441786
2015-09-01 00:00:00.005,9021.61081
2015-09-02 00:00:00.005,8926.398348
2015-09-07 00:00:00.005,8868.997091
2015-09-08 00:00:00.005,9143.38064
2015-09-09 00:00:00.005,9481.028046
2015-09-10 00:00:00.005,9285.540042
2015-09-11 00:00:00.005,9256.807272
2015-09-14 00:00:00.005,9285.330583
2015-09-15 00:00:00.005,9172.438378
2015-09-16 00:00:00.005,9368.783606
2015-09-17 00:00:00.005,9305.524832
2015-09-18 00:00:00.005,9409.808751
2015-09-21 00:00:00.005,9351.530782
2015-09-22 00:00:00.005,9357.010366
2015-09-23 00:00:00.005,9151.463608
2015-09-24 00:00:00.005,9059.06584
2015-09-25 00:00:00.005,9087.497515
2015-09-28 00:00:00.005,9087.61477
2015-09-29 00:00:00.005,8843.363384
2015-09-30 00:00:00.005,8946.157687
2015-10-08 00:00:00.005,9469.042406
2015-10-09 00:00:00.005,9485.285307
2015-10-12 00:00:00.005,9550.59578
2015-10-13 00:00:00.005,9538.221286
2015-10-14 00:00:00.005,9528.533856
2015-10-15 00:00:00.005,9720.672392
2015-10-16 00:00:00.005,9821.601434
2015-10-19 00:00:00.005,9760.949142
2015-10-20 00:00:00.005,9720.209679
2015-10-21 00:00:00.005,9720.021552
2015-10-22 00:00:00.005,9750.335549
2015-10-23 00:00:00.005,9892.467292
2015-10-26 00:00:00.005,9858.309487
2015-10-27 00:00:00.005,9868.083899
2015-10-28 00:00:00.005,9844.893022
2015-10-29 00:00:00.005,9799.420974
2015-10-30 00:00:00.005,9706.252916
2015-11-02 00:00:00.005,9572.768222
2015-11-03 00:00:00.005,9675.665499
2015-11-04 00:00:00.005,9859.468434
2015-11-05 00:00:00.005,9806.234806
2015-11-06 00:00:00.005,9766.687512
2015-11-09 00:00:00.005,9710.582952
2015-11-10 00:00:00.005,9550.395107
2015-11-11 00:00:00.005,9559.773377
2015-11-12 00:00:00.005,9785.446963
2015-11-13 00:00:00.005,9616.315
2015-11-16 00:00:00.005,9453.417684
2015-11-17 00:00:00.005,9551.984154
2015-11-18 00:00:00.005,9504.902939
2015-11-19 00:00:00.005,9622.333692
2015-11-20 00:00:00.005,9719.591803
2015-11-23 00:00:00.005,9682.959855
2015-11-24 00:00:00.005,9635.441614
2015-11-25 00:00:00.005,9593.816884
2015-11-26 00:00:00.005,9585.773058
2015-11-27 00:00:00.005,9409.42944
2015-11-30 00:00:00.005,9375.327845
2015-12-01 00:00:00.005,9533.869488
2015-12-02 00:00:00.005,9602.405604
2015-12-03 00:00:00.005,9567.526671
2015-12-04 00:00:00.005,9543.481644
2015-12-07 00:00:00.005,9551.359247
2015-12-08 00:00:00.005,9435.556679
2015-12-09 00:00:00.005,9406.72099
2015-12-10 00:00:00.005,9377.8112
2015-12-11 00:00:00.005,9294.307271
2015-12-14 00:00:00.005,9236.876377
2015-12-15 00:00:00.005,9179.861345
2015-12-16 00:00:00.005,9302.482162
2015-12-17 00:00:00.005,9375.633184
2015-12-18 00:00:00.005,9347.012931
2015-12-21 00:00:00.005,9350.202406
2015-12-22 00:00:00.005,9394.431736
2015-12-23 00:00:00.005,9453.450393
2015-12-24 00:00:00.005,9481.025742
2015-12-25 00:00:00.005,9481.025742
2015-12-28 00:00:00.005,9398.526872
2015-12-29 00:00:00.005,9440.744812
2015-12-30 00:00:00.005,9443.205906
2015-12-31 00:00:00.005,9446.618755
2016-01-04 00:00:00.005,9255.273571
2016-01-05 00:00:00.005,9254.191972
2016-01-06 00:00:00.005,9163.814407
2016-01-07 00:00:00.005,8962.537395
2016-01-08 00:00:00.005,8929.287899
2016-01-11 00:00:00.005,8714.931078
2016-01-12 00:00:00.005,8671.724401
2016-01-13 00:00:00.005,8777.899958
2016-01-14 00:00:00.005,8705.943411
2016-01-15 00:00:00.005,8599.877631
2016-01-18 00:00:00.005,8470.063837
2016-01-19 00:00:00.005,8575.325465
2016-01-20 00:00:00.005,8226.694212
2016-01-21 00:00:00.005,8078.697385
2016-01-22 00:00:00.005,8292.409715
2016-01-25 00:00:00.005,8368.769336
2016-01-26 00:00:00.005,8224.666665
2016-01-27 00:00:00.005,8314.992104
2016-01-28 00:00:00.005,8365.433418
2016-01-29 00:00:00.005,8567.998367
2016-02-01 00:00:00.005,8516.268715
2016-02-02 00:00:00.005,8452.616292
2016-02-03 00:00:00.005,8247.102962
2016-02-04 00:00:00.005,8343.183589
2016-02-05 00:00:00.005,8344.379489
2016-02-15 00:00:00.005,8325.674887
2016-02-16 00:00:00.005,8361.240231
2016-02-17 00:00:00.005,8337.023833
2016-02-18 00:00:00.005,8479.383743
2016-02-19 00:00:00.005,8502.41602
2016-02-22 00:00:00.005,8643.687516
2016-02-23 00:00:00.005,8619.08053
2016-02-24 00:00:00.005,8558.976772
2016-02-25 00:00:00.005,8453.800797
2016-02-26 00:00:00.005,8645.113565
2016-02-29 00:00:00.005,8547.546934
2016-03-01 00:00:00.005,8641.298468
2016-03-02 00:00:00.005,8877.768234
2016-03-03 00:00:00.005,8896.769756
2016-03-04 00:00:00.005,8988.156516
2016-03-07 00:00:00.005,8920.01871
2016-03-08 00:00:00.005,8850.191783
2016-03-09 00:00:00.005,8868.623277
2016-03-10 00:00:00.005,8877.042419
2016-03-11 00:00:00.005,8961.603476
2016-03-14 00:00:00.005,9038.941696
2016-03-15 00:00:00.005,9025.613028
2016-03-16 00:00:00.005,9014.544312
2016-03-17 00:00:00.005,9111.559982
2016-03-18 00:00:00.005,9194.274566
2016-03-21 00:00:00.005,9223.745071
2016-03-22 00:00:00.005,9228.463967
2016-03-23 00:00:00.005,9194.872864
2016-03-24 00:00:00.005,9094.440669
2016-03-25 00:00:00.005,9094.440669
2016-03-28 00:00:00.005,9093.076161
2016-03-29 00:00:00.005,9140.753335
2016-03-30 00:00:00.005,9359.097978
2016-03-31 00:00:00.005,9339.525434
2016-04-01 00:00:00.005,9207.057192
2016-04-05 00:00:00.005,9106.26116
2016-04-06 00:00:00.005,9140.228276
2016-04-07 00:00:00.005,9172.650147
2016-04-08 00:00:00.005,9219.934634
2016-04-11 00:00:00.005,9247.648786
2016-04-12 00:00:00.005,9278.943265
2016-04-13 00:00:00.005,9460.169495
2016-04-14 00:00:00.005,9523.320706
2016-04-15 00:00:00.005,9504.819674
2016-04-18 00:00:00.005,9447.075614
2016-04-19 00:00:00.005,9547.295239
2016-04-20 00:00:00.005,9496.339464
2016-04-21 00:00:00.005,9604.931074
2016-04-22 00:00:00.005,9582.503018
2016-04-25 00:00:00.005,9567.027505
2016-04-26 00:00:00.005,9593.18721
2016-04-27 00:00:00.005,9530.58069
2016-04-28 00:00:00.005,9525.94665
2016-04-29 00:00:00.005,9407.989544
2016-05-03 00:00:00.005,9239.036781
2016-05-04 00:00:00.005,9209.510614
2016-05-05 00:00:00.005,9236.784484
2016-05-06 00:00:00.005,9083.217761
2016-05-09 00:00:00.005,9126.668763
2016-05-10 00:00:00.005,9161.66607
2016-05-11 00:00:00.005,9064.947917
2016-05-12 00:00:00.005,9006.181951
2016-05-13 00:00:00.005,8902.728427
2016-05-16 00:00:00.005,8933.632634
2016-05-17 00:00:00.005,9001.262575
2016-05-18 00:00:00.005,8884.387491
2016-05-19 00:00:00.005,8822.512145
2016-05-20 00:00:00.005,8913.972487
2016-05-23 00:00:00.005,8875.429744
2016-05-24 00:00:00.005,8886.759505
2016-05-25 00:00:00.005,9056.848302
2016-05-26 00:00:00.005,9070.654742
2016-05-27 00:00:00.005,9124.48687
2016-05-30 00:00:00.005,9159.181238
2016-05-31 00:00:00.005,9236.127122
2016-06-01 00:00:00.005,9206.082042
2016-06-02 00:00:00.005,9255.083615
2016-06-03 00:00:00.005,9317.548345
2016-06-06 00:00:00.005,9369.742178
2016-06-07 00:00:00.005,9447.688923
2016-06-08 00:00:00.005,9418.779996
2016-06-13 00:00:00.005,9154.323412
2016-06-14 00:00:00.005,9086.532976
2016-06-15 00:00:00.005,9100.536904
2016-06-16 00:00:00.005,8965.80905
2016-06-17 00:00:00.005,9011.06416
2016-06-20 00:00:00.005,9130.723113
2016-06-21 00:00:00.005,9148.925261
2016-06-22 00:00:00.005,9187.769668
2016-06-23 00:00:00.005,9235.537659
2016-06-24 00:00:00.005,9019.107412
2016-06-27 00:00:00.005,8989.526441
2016-06-28 00:00:00.005,8978.932574
2016-06-29 00:00:00.005,9117.45819
2016-06-30 00:00:00.005,9281.039123
2016-07-01 00:00:00.005,9282.254615
2016-07-04 00:00:00.005,9394.727568
2016-07-05 00:00:00.005,9284.072086
2016-07-06 00:00:00.005,9213.195994
2016-07-07 00:00:00.005,9281.320121
2016-07-08 00:00:00.005,9231.662007
2016-07-11 00:00:00.005,9334.129873
2016-07-12 00:00:00.005,9488.194421
2016-07-13 00:00:00.005,9518.916037
2016-07-14 00:00:00.005,9594.202807
2016-07-15 00:00:00.005,9649.566213
2016-07-18 00:00:00.005,9741.797668
2016-07-19 00:00:00.005,9734.457864
2016-07-20 00:00:00.005,9845.058643
2016-07-21 00:00:00.005,9890.034889
2016-07-22 00:00:00.005,9867.770991
2016-07-25 00:00:00.005,9897.031996
2016-07-26 00:00:00.005,10025.038577
2016-07-27 00:00:00.005,10017.181608
2016-07-28 00:00:00.005,10026.054237
2016-07-29 00:00:00.005,9915.568977
2016-08-01 00:00:00.005,9982.484096
2016-08-02 00:00:00.005,9980.360416
2016-08-03 00:00:00.005,9776.714932
2016-08-04 00:00:00.005,9801.94405
2016-08-05 00:00:00.005,9941.619439
2016-08-08 00:00:00.005,10067.313474
2016-08-09 00:00:00.005,10040.001159
2016-08-10 00:00:00.005,10038.694739
2016-08-11 00:00:00.005,10053.293392
2016-08-12 00:00:00.005,10097.718577
2016-08-15 00:00:00.005,10122.836567
2016-08-16 00:00:00.005,10078.634357
2016-08-17 00:00:00.005,10033.769192
2016-08-18 00:00:00.005,10037.087271
2016-08-19 00:00:00.005,9966.023606
2016-08-22 00:00:00.005,9994.11404
2016-08-23 00:00:00.005,10037.518613
2016-08-24 00:00:00.005,9973.897018
2016-08-25 00:00:00.005,9961.156543
2016-08-26 00:00:00.005,9985.650647
2016-08-29 00:00:00.005,9904.526523
2016-08-30 00:00:00.005,9966.758996
2016-08-31 00:00:00.005,9984.394119
2016-09-01 00:00:00.005,10052.478091
2016-09-02 00:00:00.005,10124.916735
2016-09-05 00:00:00.005,10270.969215
2016-09-06 00:00:00.005,10287.451348
2016-09-07 00:00:00.005,10313.460011
2016-09-08 00:00:00.005,10413.080814
2016-09-09 00:00:00.005,10521.734932
2016-09-12 00:00:00.005,10256.013917
2016-09-13 00:00:00.005,10182.717693
2016-09-14 00:00:00.005,10184.473836
2016-09-19 00:00:00.005,10387.347099
2016-09-20 00:00:00.005,10352.342148
2016-09-21 00:00:00.005,10353.771554
2016-09-22 00:00:00.005,10402.880294
2016-09-23 00:00:00.005,10404.771518
2016-09-26 00:00:00.005,10288.899795
2016-09-27 00:00:00.005,10379.032685
2016-09-28 00:00:00.005,10402.086393
2016-09-29 00:00:00.005,10434.438859
2016-09-30 00:00:00.005,10304.873202
2016-10-10 00:00:00.005,10430.55485
2016-10-11 00:00:00.005,10277.282979
2016-10-12 00:00:00.005,10255.221042
2016-10-13 00:00:00.005,10142.796271
2016-10-14 00:00:00.005,10236.076581
2016-10-17 00:00:00.005,10152.147816
2016-10-18 00:00:00.005,10283.117882
2016-10-19 00:00:00.005,10272.994053
2016-10-20 00:00:00.005,10295.447701
2016-10-21 00:00:00.005,10291.50304
2016-10-24 00:00:00.005,10407.533087
2016-10-25 00:00:00.005,10420.270819
2016-10-26 00:00:00.005,10349.581589
2016-10-27 00:00:00.005,10278.626985
2016-10-28 00:00:00.005,10220.989288
2016-10-31 00:00:00.005,10184.897035
2016-11-01 00:00:00.005,10262.161657
2016-11-02 00:00:00.005,10146.576563
2016-11-03 00:00:00.005,10082.000643
2016-11-04 00:00:00.005,10072.154171
2016-11-07 00:00:00.005,9974.619544
2016-11-08 00:00:00.005,10025.713572
2016-11-09 00:00:00.005,9873.123967
2016-11-10 00:00:00.005,10019.653837
2016-11-11 00:00:00.005,9906.779596
2016-11-14 00:00:00.005,9764.256824
2016-11-15 00:00:00.005,9759.407451
2016-11-16 00:00:00.005,9725.634876
2016-11-17 00:00:00.005,9796.449046
2016-11-18 00:00:00.005,9831.388607
2016-11-21 00:00:00.005,9825.04149
2016-11-22 00:00:00.005,9895.027826
2016-11-23 00:00:00.005,9902.30075
2016-11-24 00:00:00.005,9879.114665
2016-11-25 00:00:00.005,9885.747595
2016-11-28 00:00:00.005,9884.708263
2016-11-29 00:00:00.005,9901.587309
2016-11-30 00:00:00.005,9987.341998
2016-12-01 00:00:00.005,9915.526079
2016-12-02 00:00:00.005,9761.236249
2016-12-05 00:00:00.005,9770.173885
2016-12-06 00:00:00.005,9799.541882
2016-12-07 00:00:00.005,9810.195324
2016-12-08 00:00:00.005,9797.557143
2016-12-09 00:00:00.005,9737.527439
2016-12-12 00:00:00.005,9626.819713
2016-12-13 00:00:00.005,9639.839141
2016-12-14 00:00:00.005,9615.674227
2016-12-15 00:00:00.005,9460.526832
2016-12-16 00:00:00.005,9442.859347
2016-12-19 00:00:00.005,9346.71354
2016-12-20 00:00:00.005,9330.475241
2016-12-21 00:00:00.005,9348.616052
2016-12-22 00:00:00.005,9331.453356
2016-12-23 00:00:00.005,9277.50931
2016-12-26 00:00:00.005,9277.50931
2016-12-27 00:00:00.005,9276.089861
2016-12-28 00:00:00.005,9276.186723
2016-12-29 00:00:00.005,9260.204138
2016-12-30 00:00:00.005,9346.116835
